date,year,month,population,rainfall_mm,temperature_c,evaporation_mcm,total_demand_mcm,storage_baseline_mcm,storage_rain_minus3_mcm,storage_rain_minus5_mcm,stress_baseline,stress_rain_minus3,stress_rain_minus5,delta_storage,supply_mcm,storage_original_mcm,storage_reconstructed_mcm
2000-01-01,2000,1,661516,103.05,17.91,0.358,20.342,140.0,180.0,180.0,0.113,0.113,0.113,0.0,20.342,180.0,140.0
2000-02-01,2000,2,663405,84.24,19.72,0.394,28.142,132.48412344591162,180.291,179.858,0.156,0.156,0.156,0.9399999999999976,29.082,180.94,132.48412344591162
2000-03-01,2000,3,665294,87.5,23.85,0.477,30.467,117.50131468994184,168.914,168.127,0.179,0.18,0.181,-10.846000000000004,19.620999999999995,170.094,117.50131468994184
2000-04-01,2000,4,667184,69.41,23.58,0.472,33.043,91.65861291610236,155.795,154.641,0.21,0.212,0.214,-12.567999999999984,20.475000000000016,157.526,91.65861291610236
2000-05-01,2000,5,669073,20.49,22.82,0.456,31.432,75.23424536518024,136.418,134.973,0.227,0.23,0.233,-18.93900000000002,12.492999999999975,138.587,75.23424536518024
2000-06-01,2000,6,670962,12.34,20.25,0.405,27.034,56.18339271440236,108.704,107.172,0.244,0.249,0.252,-27.585999999999984,0.0,111.001,56.18339271440236
2000-07-01,2000,7,672851,21.28,17.54,0.351,21.775,40.069759275428396,83.778,82.194,0.253,0.26,0.265,-24.848,0.0,86.153,40.069759275428396
2000-08-01,2000,8,674740,22.2,15.3,0.306,14.414,31.332341592877725,65.987,64.314,0.21,0.218,0.224,-17.65700000000001,0.0,68.496,31.332341592877725
2000-09-01,2000,9,676629,39.83,12.67,0.253,11.431,27.238662779449605,55.789,54.023,0.196,0.205,0.212,-10.057999999999993,1.3730000000000064,58.438,27.238662779449605
2000-10-01,2000,10,678518,51.47,12.23,0.245,8.7,27.892468993230782,52.218,50.285,0.158,0.167,0.173,-3.3200000000000003,5.379999999999999,55.118,27.892468993230782
2000-11-01,2000,11,680408,88.79,13.06,0.261,8.696,37.05436873697866,53.758,51.608,0.153,0.162,0.169,1.8639999999999968,10.559999999999995,56.982,37.05436873697866
2000-12-01,2000,12,682297,102.42,15.92,0.318,13.615,45.42735911261678,62.888,60.365,0.204,0.216,0.226,9.689000000000007,23.30400000000001,66.671,45.42735911261678
2001-01-01,2001,1,684186,100.66,17.79,0.356,20.96,52.66794560670864,69.817,66.864,0.282,0.3,0.313,7.574999999999989,28.53499999999999,74.246,52.66794560670864
2001-02-01,2001,2,686140,105.91,20.0,0.4,27.384,60.87990868564687,69.006,65.63,0.37,0.397,0.417,-0.1769999999999925,27.207000000000008,74.069,60.87990868564687
2001-03-01,2001,3,688094,84.68,23.97,0.479,31.953,56.523146535350286,62.797,58.976,0.466,0.509,0.542,-5.542000000000002,26.411,68.527,56.523146535350286
2001-04-01,2001,4,690048,51.41,23.8,0.476,34.04,53.04324571050658,47.612,43.436,0.632,0.715,0.784,-14.651000000000003,19.389,53.876,53.04324571050658
2001-05-01,2001,5,692001,43.69,24.01,0.48,32.4,35.19246391232436,23.568,19.176,1.074,1.375,1.69,-23.721,8.679000000000002,30.155,35.19246391232436
2001-06-01,2001,6,693955,15.77,21.3,0.426,28.797,27.297086156940303,0.0,0.0,4.465,28796500.29,28796500.29,-23.706000000000003,5.0909999999999975,6.449,27.297086156940303
2001-07-01,2001,7,695909,28.78,17.94,0.359,20.579,23.867359637044412,0.0,0.0,20579103.74,20579103.74,20579103.74,-6.449,14.13,0.0,23.867359637044412
2001-08-01,2001,8,697863,24.86,15.27,0.305,14.615,28.642347038337967,0.0,0.0,14615477.74,14615477.74,14615477.74,0.0,14.615,0.0,28.642347038337967
2001-09-01,2001,9,699817,38.15,14.2,0.284,9.824,37.156344707746634,0.0,0.0,9824452.118,9824452.118,9824452.118,0.0,9.824,0.0,37.156344707746634
2001-10-01,2001,10,701770,53.19,13.48,0.27,9.677,36.97895466409051,0.0,0.0,9677015.666,9677015.666,9677015.666,0.0,9.677,0.0,36.97895466409051
2001-11-01,2001,11,703724,92.23,12.88,0.258,11.852,47.63962625407868,0.888,0.665,9.688,13.343,17.827,1.223,13.075,1.223,47.63962625407868
2001-12-01,2001,12,705678,93.1,15.14,0.303,15.247,59.80023227643612,7.565,6.954,1.798,2.016,2.193,7.258,22.505,8.481,59.80023227643612
2002-01-01,2002,1,707632,95.72,18.81,0.376,19.113,66.99137231742972,10.979,9.977,1.531,1.741,1.916,4.0,23.113,12.481,66.99137231742972
2002-02-01,2002,2,709653,91.12,20.47,0.409,26.102,75.20865737157052,10.987,9.584,1.994,2.376,2.724,0.6120000000000001,26.714,13.093,75.20865737157052
2002-03-01,2002,3,711674,85.32,23.49,0.47,31.679,82.24071350422759,3.037,1.251,5.542,10.431,25.332,-7.376,24.303,5.717,82.24071350422759
2002-04-01,2002,4,713695,63.65,24.04,0.481,33.307,78.71937237906691,0.0,0.0,33306687.7,33306687.7,33306687.7,-5.717,27.590000000000003,0.0,78.71937237906691
2002-05-01,2002,5,715716,44.13,23.48,0.47,32.169,71.83245374164844,0.0,0.0,32169492.43,32169492.43,32169492.43,0.0,32.169,0.0,71.83245374164844
2002-06-01,2002,6,717737,29.67,20.48,0.41,28.181,71.9767718536543,0.0,0.0,28180971.97,28180971.97,28180971.97,0.0,28.181,0.0,71.9767718536543
2002-07-01,2002,7,719758,41.42,16.95,0.339,21.46,67.47574483203209,0.0,0.0,21460392.89,21460392.89,21460392.89,0.0,21.46,0.0,67.47574483203209
2002-08-01,2002,8,721778,21.29,13.61,0.272,16.219,67.72566659083792,0.0,0.0,16218663.53,16218663.53,16218663.53,0.0,16.219,0.0,67.72566659083792
2002-09-01,2002,9,723799,34.88,12.08,0.242,10.277,67.9484144878522,0.0,0.0,10277061.73,10277061.73,10277061.73,0.0,10.277,0.0,67.9484144878522
2002-10-01,2002,10,725820,51.86,11.74,0.235,8.629,65.03565906787962,0.0,0.0,8628577.406,8628577.406,8628577.406,0.0,8.629,0.0,65.03565906787962
2002-11-01,2002,11,727841,86.16,12.66,0.253,11.124,65.43237636910996,1.701,1.483,5.486,6.54,7.5,2.028,13.152,2.028,65.43237636910996
2002-12-01,2002,12,729862,105.93,16.42,0.328,13.91,69.40366937054236,7.875,7.295,1.591,1.766,1.907,6.715999999999999,20.626,8.744,69.40366937054236
2003-01-01,2003,1,731883,98.86,18.86,0.377,22.525,72.25899764527566,15.214,14.189,1.345,1.481,1.587,8.007000000000001,30.532,16.751,72.25899764527566
2003-02-01,2003,2,733973,86.24,20.42,0.408,28.296,71.03490781039348,12.45,11.01,1.937,2.273,2.57,-2.141000000000002,26.155,14.61,71.03490781039348
2003-03-01,2003,3,736063,71.76,23.53,0.471,32.705,67.37923538039415,1.313,0.0,8.145,24.918,32705337.06,-10.594,22.111,4.016,67.37923538039415
2003-04-01,2003,4,738153,66.51,23.81,0.476,36.385,66.39832417574242,0.0,0.0,36385284.88,36385284.88,36385284.88,-4.016,32.369,0.0,66.39832417574242
2003-05-01,2003,5,740243,47.43,23.09,0.462,32.235,63.208153277491775,0.0,0.0,32234851.12,32234851.12,32234851.12,0.0,32.235,0.0,63.208153277491775
2003-06-01,2003,6,742333,30.79,21.22,0.424,30.405,61.38849091743491,0.0,0.0,30405432.74,30405432.74,30405432.74,0.0,30.405,0.0,61.38849091743491
2003-07-01,2003,7,744424,13.34,18.52,0.37,22.304,56.83797095574809,0.0,0.0,22303681.12,22303681.12,22303681.12,0.0,22.304,0.0,56.83797095574809
2003-08-01,2003,8,746514,27.68,14.85,0.297,14.387,57.92227363437216,0.0,0.0,14387397.74,14387397.74,14387397.74,0.0,14.387,0.0,57.92227363437216
2003-09-01,2003,9,748604,41.17,13.64,0.273,11.101,53.7266377537876,0.0,0.0,11100862.45,11100862.45,11100862.45,0.0,11.101,0.0,53.7266377537876
2003-10-01,2003,10,750694,62.19,11.29,0.226,8.479,60.656636191568936,0.0,0.0,8479147.912,8479147.912,8479147.912,0.0,8.479,0.0,60.656636191568936
2003-11-01,2003,11,752784,88.71,12.9,0.258,10.5,71.8251171961916,3.963,3.701,2.411,2.65,2.837,4.354,14.854,4.354,71.8251171961916
2003-12-01,2003,12,754874,96.88,16.91,0.338,16.138,72.52837480754205,11.276,10.642,1.32,1.431,1.517,7.872000000000001,24.01,12.226,72.52837480754205
2004-01-01,2004,1,756964,106.79,18.28,0.366,22.471,78.04077515736955,14.533,13.492,1.396,1.546,1.665,3.868,26.339,16.094,78.04077515736955
2004-02-01,2004,2,759126,95.32,22.12,0.442,28.299,74.25202842155512,13.45,11.96,1.804,2.104,2.366,-0.4110000000000013,27.888,15.683,74.25202842155512
2004-03-01,2004,3,761288,82.89,23.38,0.468,34.07,75.23814782285743,4.124,2.234,4.896,8.262,15.249,-8.725,25.345,6.958,75.23814782285743
2004-04-01,2004,4,763449,66.31,24.53,0.491,35.739,73.67369971421547,0.0,0.0,35739438.53,35739438.53,35739438.53,-6.958,28.781,0.0,73.67369971421547
2004-05-01,2004,5,765611,25.43,23.28,0.466,34.648,63.2802026110285,0.0,0.0,34647824.88,34647824.88,34647824.88,0.0,34.648,0.0,63.2802026110285
2004-06-01,2004,6,767773,22.16,21.0,0.42,28.938,58.21042249264926,0.0,0.0,28938487.59,28938487.59,28938487.59,0.0,28.938,0.0,58.21042249264926
2004-07-01,2004,7,769934,15.3,17.57,0.351,23.442,57.74722229538513,0.0,0.0,23441977.01,23441977.01,23441977.01,0.0,23.442,0.0,57.74722229538513
2004-08-01,2004,8,772096,18.97,15.42,0.308,14.129,57.09311704470635,0.0,0.0,14128713.93,14128713.93,14128713.93,0.0,14.129,0.0,57.09311704470635
2004-09-01,2004,9,774258,37.25,12.33,0.247,10.675,58.63783890518356,0.0,0.0,10675468.95,10675468.95,10675468.95,0.0,10.675,0.0,58.63783890518356
2004-10-01,2004,10,776420,74.95,12.59,0.252,8.837,54.11236316521344,0.0,0.0,8836665.845,8836665.845,8836665.845,0.0,8.837,0.0,54.11236316521344
2004-11-01,2004,11,778582,71.34,13.68,0.274,11.843,54.10981887025919,6.179,5.864,1.781,1.917,2.02,6.651,18.494,6.651,54.10981887025919
2004-12-01,2004,12,780743,104.32,15.38,0.308,15.446,61.58821982580015,8.594,7.98,1.623,1.797,1.936,2.865,18.311,9.516,61.58821982580015
2005-01-01,2005,1,782905,83.17,17.95,0.359,22.058,62.39890102897752,14.092,13.039,1.408,1.565,1.692,6.154999999999999,28.213,15.671,62.39890102897752
2005-02-01,2005,2,785141,91.29,21.47,0.429,30.437,63.59491938356773,8.617,7.215,2.839,3.532,4.218,-4.950999999999999,25.486000000000004,10.72,63.59491938356773
2005-03-01,2005,3,787377,81.63,23.13,0.463,33.009,64.35206104396698,0.0,0.0,33008963.18,33008963.18,33008963.18,-10.72,22.289,0.0,64.35206104396698
2005-04-01,2005,4,789612,65.86,24.8,0.496,35.376,66.15931201596396,0.0,0.0,35375638.97,35375638.97,35375638.97,0.0,35.376,0.0,66.15931201596396
2005-05-01,2005,5,791848,47.11,22.06,0.441,32.91,63.14535182628084,0.0,0.0,32909718.73,32909718.73,32909718.73,0.0,32.91,0.0,63.14535182628084
2005-06-01,2005,6,794084,33.29,20.92,0.418,28.917,54.044154424009676,0.0,0.0,28917327.24,28917327.24,28917327.24,0.0,28.917,0.0,54.044154424009676
2005-07-01,2005,7,796320,16.51,16.76,0.335,21.938,36.931675712969096,0.0,0.0,21937718.67,21937718.67,21937718.67,0.0,21.938,0.0,36.931675712969096
2005-08-01,2005,8,798556,20.74,14.1,0.282,16.604,25.643891904323034,0.0,0.0,16604291.09,16604291.09,16604291.09,0.0,16.604,0.0,25.643891904323034
2005-09-01,2005,9,800792,48.58,13.91,0.278,12.567,30.27454093471094,0.0,0.0,12566918.65,12566918.65,12566918.65,0.0,12.567,0.0,30.27454093471094
2005-10-01,2005,10,803028,58.09,12.78,0.256,11.494,34.678907691397754,0.0,0.0,11494299.22,11494299.22,11494299.22,0.0,11.494,0.0,34.678907691397754
2005-11-01,2005,11,805263,67.24,12.45,0.249,11.492,44.07117171113753,0.082,0.0,25.627,139.326,11491818.31,0.448,11.94,0.448,44.07117171113753
2005-12-01,2005,12,807499,83.31,14.1,0.282,16.868,54.328357216592394,2.039,1.674,5.963,8.272,10.075,2.381,19.249,2.829,54.328357216592394
2006-01-01,2006,1,809735,90.81,16.1,0.322,21.488,60.41331146001002,1.859,1.144,6.771,11.558,18.778,0.3449999999999997,21.833,3.174,60.41331146001002
2006-02-01,2006,2,812047,99.61,20.8,0.416,28.956,67.01246260445467,0.0,0.0,66.962,28956352.41,28956352.41,-2.742,26.214,0.432,67.01246260445467
2006-03-01,2006,3,814360,81.42,25.07,0.501,34.273,67.39596769084308,0.0,0.0,34272840.07,34272840.07,34272840.07,-0.432,33.841,0.0,67.39596769084308
2006-04-01,2006,4,816672,66.9,24.48,0.49,36.298,68.95499074902636,0.0,0.0,36298170.63,36298170.63,36298170.63,0.0,36.298,0.0,68.95499074902636
2006-05-01,2006,5,818985,35.73,22.98,0.46,33.824,63.1790338932213,0.0,0.0,33823895.19,33823895.19,33823895.19,0.0,33.824,0.0,63.1790338932213
2006-06-01,2006,6,821297,26.94,21.51,0.43,29.494,64.2099710226029,0.0,0.0,29494189.39,29494189.39,29494189.39,0.0,29.494,0.0,64.2099710226029
2006-07-01,2006,7,823610,26.26,17.09,0.342,22.982,62.2108096093171,0.0,0.0,22981571.68,22981571.68,22981571.68,0.0,22.982,0.0,62.2108096093171
2006-08-01,2006,8,825922,22.27,14.97,0.299,17.471,55.280948975682676,0.0,0.0,17471158.63,17471158.63,17471158.63,0.0,17.471,0.0,55.280948975682676
2006-09-01,2006,9,828234,44.57,13.05,0.261,11.968,36.92669952728069,0.0,0.0,11967773.78,11967773.78,11967773.78,0.0,11.968,0.0,36.92669952728069
2006-10-01,2006,10,830547,53.38,12.12,0.242,9.543,31.709055315505594,0.0,0.0,9542597.617,9542597.617,9542597.617,0.0,9.543,0.0,31.709055315505594
2006-11-01,2006,11,832859,76.37,13.54,0.271,12.005,29.870482319395578,1.089,0.864,8.425,11.027,13.887,1.425,13.43,1.425,29.870482319395578
2006-12-01,2006,12,835172,90.82,15.42,0.308,13.62,42.83573234361771,4.369,3.824,2.626,3.117,3.561,3.762000000000001,17.381999999999998,5.187,42.83573234361771
2007-01-01,2007,1,837484,88.04,18.68,0.374,23.371,51.78171215756979,8.942,8.015,2.262,2.614,2.916,5.143999999999999,28.515,10.331,51.78171215756979
2007-02-01,2007,2,839876,99.51,20.73,0.415,24.864,64.92684552886341,3.131,1.835,4.899,7.941,13.551,-5.255999999999999,19.608,5.075,64.92684552886341
2007-03-01,2007,3,842267,75.31,24.03,0.481,32.054,73.36405915512967,0.0,0.0,46.18,32054245.17,32054245.17,-4.381,27.673,0.694,73.36405915512967
2007-04-01,2007,4,844659,60.12,25.35,0.507,36.014,76.05711249750993,0.0,0.0,36013562.69,36013562.69,36013562.69,-0.694,35.32,0.0,76.05711249750993
2007-05-01,2007,5,847051,44.81,22.73,0.455,33.908,83.19922480322379,0.0,0.0,33907665.42,33907665.42,33907665.42,0.0,33.908,0.0,83.19922480322379
2007-06-01,2007,6,849442,29.82,20.59,0.412,27.969,81.65523619265832,0.0,0.0,27969469.33,27969469.33,27969469.33,0.0,27.969,0.0,81.65523619265832
2007-07-01,2007,7,851834,26.65,19.15,0.383,22.361,79.56553881412361,0.0,0.0,22361133.6,22361133.6,22361133.6,0.0,22.361,0.0,79.56553881412361
2007-08-01,2007,8,854226,24.37,15.08,0.302,17.525,82.06063495146543,0.0,0.0,17525162.09,17525162.09,17525162.09,0.0,17.525,0.0,82.06063495146543
2007-09-01,2007,9,856617,35.77,14.0,0.28,11.351,80.84836705201286,0.0,0.0,11350577.29,11350577.29,11350577.29,0.0,11.351,0.0,80.84836705201286
2007-10-01,2007,10,859009,59.2,11.9,0.238,12.041,87.54386967581269,0.0,0.0,12041289.37,12041289.37,12041289.37,0.0,12.041,0.0,87.54386967581269
2007-11-01,2007,11,861401,63.13,14.03,0.281,11.649,90.80948734518086,0.0,0.0,75.989,11648897.19,11648897.19,0.153,11.802,0.153,90.80948734518086
2007-12-01,2007,12,863792,80.17,15.3,0.306,17.122,91.37982111820611,0.929,0.664,11.566,18.423,25.777,1.327,18.449,1.48,91.37982111820611
2008-01-01,2008,1,866184,86.77,18.42,0.368,24.442,91.64009768362578,0.0,0.0,27.511,24441940.93,24441940.93,-0.592,23.85,0.888,91.64009768362578
2008-02-01,2008,2,868658,84.67,22.34,0.447,29.651,86.53966761237425,0.0,0.0,29650756.72,29650756.72,29650756.72,-0.888,28.763,0.0,86.53966761237425
2008-03-01,2008,3,871131,84.0,23.18,0.464,32.681,85.88925501601287,0.0,0.0,32681437.5,32681437.5,32681437.5,0.0,32.681,0.0,85.88925501601287
2008-04-01,2008,4,873605,50.95,23.58,0.472,36.028,80.64745425320841,0.0,0.0,36027545.67,36027545.67,36027545.67,0.0,36.028,0.0,80.64745425320841
2008-05-01,2008,5,876079,36.22,23.12,0.462,34.159,83.30245461411565,0.0,0.0,34158569.65,34158569.65,34158569.65,0.0,34.159,0.0,83.30245461411565
2008-06-01,2008,6,878552,38.35,21.56,0.431,28.015,77.9522121623462,0.0,0.0,28015100.57,28015100.57,28015100.57,0.0,28.015,0.0,77.9522121623462
2008-07-01,2008,7,881026,16.44,17.14,0.343,22.765,72.06426928814172,0.0,0.0,22765145.9,22765145.9,22765145.9,0.0,22.765,0.0,72.06426928814172
2008-08-01,2008,8,883500,32.73,15.69,0.314,15.558,65.31634684485417,0.0,0.0,15557636.02,15557636.02,15557636.02,0.0,15.558,0.0,65.31634684485417
2008-09-01,2008,9,885973,30.66,12.67,0.253,12.99,70.76841633542183,0.0,0.0,12990436.69,12990436.69,12990436.69,0.0,12.99,0.0,70.76841633542183
2008-10-01,2008,10,888447,57.95,13.04,0.261,10.159,69.76641380769628,0.0,0.0,10159341.05,10159341.05,10159341.05,0.0,10.159,0.0,69.76641380769628
2008-11-01,2008,11,890921,70.5,11.37,0.227,11.438,56.748475452288815,1.383,1.14,6.542,8.269,10.034,1.748,13.186,1.748,56.748475452288815
2008-12-01,2008,12,893394,91.25,14.69,0.294,16.347,58.41621392308669,4.078,3.539,3.345,4.008,4.619,3.14,19.487,4.888,58.41621392308669
2009-01-01,2009,1,895868,108.4,17.09,0.342,23.164,59.85257111162736,6.026,5.103,3.126,3.844,4.539,2.522,25.686,7.41,59.85257111162736
2009-02-01,2009,2,898426,77.37,20.69,0.414,30.325,57.05442629806781,4.601,3.223,4.548,6.591,9.408,-0.742,29.583,6.668,57.05442629806781
2009-03-01,2009,3,900985,84.34,23.64,0.473,33.411,52.70256291392228,0.0,0.0,33411485.49,33411485.49,33411485.49,-6.668,26.743,0.0,52.70256291392228
2009-04-01,2009,4,903543,62.38,24.14,0.483,35.172,56.2665144052454,0.0,0.0,35171820.07,35171820.07,35171820.07,0.0,35.172,0.0,56.2665144052454
2009-05-01,2009,5,906102,34.06,23.29,0.466,35.46,52.61262809536595,0.0,0.0,35460347.16,35460347.16,35460347.16,0.0,35.46,0.0,52.61262809536595
2009-06-01,2009,6,908660,10.9,21.16,0.423,29.328,52.35334504919644,0.0,0.0,29328486.44,29328486.44,29328486.44,0.0,29.328,0.0,52.35334504919644
2009-07-01,2009,7,911218,20.72,18.41,0.368,21.697,54.1507767846707,0.0,0.0,21697088.6,21697088.6,21697088.6,0.0,21.697,0.0,54.1507767846707
2009-08-01,2009,8,913777,20.06,14.56,0.291,17.573,69.3299460983132,0.0,0.0,17573452.42,17573452.42,17573452.42,0.0,17.573,0.0,69.3299460983132
2009-09-01,2009,9,916335,42.33,13.57,0.271,12.186,70.82636008206877,0.0,0.0,12186321.22,12186321.22,12186321.22,0.0,12.186,0.0,70.82636008206877
2009-10-01,2009,10,918894,60.22,12.73,0.255,9.427,78.55519896446111,0.0,0.0,9426745.302,9426745.302,9426745.302,0.0,9.427,0.0,78.55519896446111
2009-11-01,2009,11,921452,96.02,13.34,0.267,12.541,86.2027789488308,2.585,2.332,4.231,4.851,5.377,2.964,15.505,2.964,86.2027789488308
2009-12-01,2009,12,924011,92.25,15.66,0.313,17.356,92.03188031296365,9.336,8.68,1.682,1.859,2.0,7.356,24.712000000000003,10.32,92.03188031296365
2010-01-01,2010,1,926569,89.77,18.51,0.37,24.182,93.92041094438069,10.458,9.414,2.011,2.312,2.569,1.7029999999999994,25.885,12.023,93.92041094438069
2010-02-01,2010,2,929215,96.43,22.72,0.454,30.785,80.92137867384619,4.19,2.77,4.87,7.347,11.115,-5.702,25.083,6.321,80.92137867384619
2010-03-01,2010,3,931861,82.2,23.44,0.469,33.414,80.0106337860164,0.0,0.0,33413674.16,33413674.16,33413674.16,-6.321,27.093000000000004,0.0,80.0106337860164
2010-04-01,2010,4,934507,73.59,24.09,0.482,36.703,78.85922387149695,0.0,0.0,36702619.87,36702619.87,36702619.87,0.0,36.703,0.0,78.85922387149695
2010-05-01,2010,5,937153,48.35,22.97,0.459,34.267,79.60666655231948,0.0,0.0,34267082.55,34267082.55,34267082.55,0.0,34.267,0.0,79.60666655231948
2010-06-01,2010,6,939799,28.93,20.58,0.412,29.325,77.02158406883687,0.0,0.0,29325114.94,29325114.94,29325114.94,0.0,29.325,0.0,77.02158406883687
2010-07-01,2010,7,942446,34.63,17.43,0.349,24.295,76.21185043437205,0.0,0.0,24294710.84,24294710.84,24294710.84,0.0,24.295,0.0,76.21185043437205
2010-08-01,2010,8,945092,13.47,14.68,0.294,18.628,76.55172953956168,0.0,0.0,18627673.2,18627673.2,18627673.2,0.0,18.628,0.0,76.55172953956168
2010-09-01,2010,9,947738,33.6,13.05,0.261,13.985,72.12173167905716,0.0,0.0,13984879.58,13984879.58,13984879.58,0.0,13.985,0.0,72.12173167905716
2010-10-01,2010,10,950384,50.73,12.53,0.251,11.572,61.841559452719544,0.0,0.0,11571555.57,11571555.57,11571555.57,0.0,11.572,0.0,61.841559452719544
2010-11-01,2010,11,953030,76.1,13.14,0.263,12.232,76.87444128922084,0.0,0.0,12232203.33,12232203.33,12232203.33,0.0,12.232,0.0,76.87444128922084
2010-12-01,2010,12,955676,80.87,14.76,0.295,17.446,82.70214762445191,3.007,2.687,5.004,5.802,6.492,3.486,20.932,3.486,82.70214762445191
2011-01-01,2011,1,958322,106.35,18.96,0.379,24.508,80.03765961241947,1.74,1.08,8.982,14.089,22.688,-0.758,23.75,2.728,80.03765961241947
2011-02-01,2011,2,961059,92.42,21.85,0.437,30.421,79.61125996258703,0.0,0.0,174.039,30420577.35,30420577.35,-2.5530000000000004,27.868,0.175,79.61125996258703
2011-03-01,2011,3,963796,65.29,23.41,0.468,34.98,70.46331106108191,0.0,0.0,34979985.96,34979985.96,34979985.96,-0.175,34.805,0.0,70.46331106108191
2011-04-01,2011,4,966532,49.84,23.87,0.477,37.28,65.5529979639538,0.0,0.0,37280201.26,37280201.26,37280201.26,0.0,37.28,0.0,65.5529979639538
2011-05-01,2011,5,969269,43.14,23.91,0.478,34.727,61.162674554937894,0.0,0.0,34726694.08,34726694.08,34726694.08,0.0,34.727,0.0,61.162674554937894
2011-06-01,2011,6,972006,33.74,21.46,0.429,29.109,63.27875418480026,0.0,0.0,29108905.95,29108905.95,29108905.95,0.0,29.109,0.0,63.27875418480026
2011-07-01,2011,7,974742,39.97,17.32,0.346,23.188,66.21791145732035,0.0,0.0,23187705.09,23187705.09,23187705.09,0.0,23.188,0.0,66.21791145732035
2011-08-01,2011,8,977479,54.5,15.28,0.306,17.708,75.18146325010916,0.0,0.0,17708473.65,17708473.65,17708473.65,0.0,17.708,0.0,75.18146325010916
2011-09-01,2011,9,980216,44.14,13.32,0.266,12.243,72.41467096668651,0.0,0.0,12242882.71,12242882.71,12242882.71,0.0,12.243,0.0,72.41467096668651
2011-10-01,2011,10,982953,50.1,11.7,0.234,10.275,67.811624080553,0.0,0.0,10275230.56,10275230.56,10275230.56,0.0,10.275,0.0,67.811624080553
2011-11-01,2011,11,985690,58.68,13.27,0.265,12.763,67.08691458568218,0.0,0.0,1002.155,12762554.76,12762554.76,0.013,12.776,0.013,67.08691458568218
2011-12-01,2011,12,988426,97.32,14.31,0.286,16.908,72.6497154484289,0.0,0.0,16908317.67,16908317.67,16908317.67,-0.013,16.895,0.0,72.6497154484289
2012-01-01,2012,1,991163,91.87,19.3,0.386,24.48,72.39832284438172,2.629,2.22,7.55,9.311,11.025,3.242,27.722,3.242,72.39832284438172
2012-02-01,2012,2,993994,90.49,22.23,0.445,30.888,65.21202997617608,0.0,0.0,30888245.18,30888245.18,30888245.18,-3.242,27.646,0.0,65.21202997617608
2012-03-01,2012,3,996824,73.88,23.38,0.468,33.673,62.46171900103391,0.0,0.0,33673353.4,33673353.4,33673353.4,0.0,33.673,0.0,62.46171900103391
2012-04-01,2012,4,999655,58.59,24.61,0.492,38.721,60.93163347037772,0.0,0.0,38720569.92,38720569.92,38720569.92,0.0,38.721,0.0,60.93163347037772
2012-05-01,2012,5,1002485,50.66,21.87,0.437,34.57,54.56242308934503,0.0,0.0,34570094.47,34570094.47,34570094.47,0.0,34.57,0.0,54.56242308934503
2012-06-01,2012,6,1005316,26.93,20.55,0.411,28.762,41.26140746346162,0.0,0.0,28762131.33,28762131.33,28762131.33,0.0,28.762,0.0,41.26140746346162
2012-07-01,2012,7,1008146,18.41,18.15,0.363,23.256,34.15562383954972,0.0,0.0,23255994.59,23255994.59,23255994.59,0.0,23.256,0.0,34.15562383954972
2012-08-01,2012,8,1010977,15.0,14.61,0.292,16.51,39.95028458265539,0.0,0.0,16510201.91,16510201.91,16510201.91,0.0,16.51,0.0,39.95028458265539
2012-09-01,2012,9,1013808,23.25,13.66,0.273,12.503,44.25712182454561,0.0,0.0,12503339.15,12503339.15,12503339.15,0.0,12.503,0.0,44.25712182454561
2012-10-01,2012,10,1016638,55.14,13.76,0.275,10.432,42.61683141055609,0.0,0.0,10431913.78,10431913.78,10431913.78,0.0,10.432,0.0,42.61683141055609
2012-11-01,2012,11,1019469,79.46,12.34,0.247,12.032,49.20718679065673,0.524,0.293,13.803,22.948,41.101,0.872,12.904,0.872,49.20718679065673
2012-12-01,2012,12,1022299,112.32,14.77,0.295,17.999,58.16983364627576,4.432,3.867,3.409,4.061,4.655,4.408,22.407,5.28,58.16983364627576
2013-01-01,2013,1,1025130,101.3,18.55,0.371,24.348,72.51102535468016,9.017,7.98,2.303,2.7,3.051,5.293,29.641,10.573,72.51102535468016
2013-02-01,2013,2,1028058,104.47,22.52,0.45,30.96,79.25019055832715,4.933,3.471,4.344,6.276,8.92,-3.4460000000000006,27.514,7.127,79.25019055832715
2013-03-01,2013,3,1030985,75.01,22.73,0.455,36.131,62.78813658633193,0.0,0.0,36131194.67,36131194.67,36131194.67,-7.127,29.004,0.0,62.78813658633193
2013-04-01,2013,4,1033913,48.15,24.56,0.491,37.881,60.93427163635955,0.0,0.0,37881350.19,37881350.19,37881350.19,0.0,37.881,0.0,60.93427163635955
2013-05-01,2013,5,1036840,30.35,24.86,0.497,33.962,59.69550300596251,0.0,0.0,33961783.68,33961783.68,33961783.68,0.0,33.962,0.0,59.69550300596251
2013-06-01,2013,6,1039768,18.11,20.23,0.405,30.251,60.033717248241636,0.0,0.0,30251177.9,30251177.9,30251177.9,0.0,30.251,0.0,60.033717248241636
2013-07-01,2013,7,1042696,41.28,17.49,0.35,22.189,58.564506390029834,0.0,0.0,22189471.57,22189471.57,22189471.57,0.0,22.189,0.0,58.564506390029834
2013-08-01,2013,8,1045623,17.15,15.09,0.302,17.56,60.48025715802352,0.0,0.0,17559789.39,17559789.39,17559789.39,0.0,17.56,0.0,60.48025715802352
2013-09-01,2013,9,1048551,48.38,12.83,0.257,12.801,62.72119493196606,0.0,0.0,12801303.52,12801303.52,12801303.52,0.0,12.801,0.0,62.72119493196606
2013-10-01,2013,10,1051478,50.97,12.96,0.259,11.821,62.402800533114174,0.0,0.0,11820885.77,11820885.77,11820885.77,0.0,11.821,0.0,62.402800533114174
2013-11-01,2013,11,1054406,89.32,13.36,0.267,13.689,57.99423161156386,0.0,0.0,13689397.11,13689397.11,13689397.11,0.0,13.689,0.0,57.99423161156386
2013-12-01,2013,12,1057333,98.49,14.15,0.283,17.714,60.86871795213661,4.237,3.862,3.691,4.181,4.587,4.8,22.514,4.8,60.86871795213661
2014-01-01,2014,1,1060261,98.43,18.78,0.376,23.973,63.828952517240396,6.302,5.514,3.203,3.804,4.348,2.686,26.659,7.486,63.828952517240396
2014-02-01,2014,2,1063302,94.23,21.02,0.42,31.371,59.92939302949404,2.004,0.802,8.239,15.65,39.102,-3.678,27.693,3.808,59.92939302949404
2014-03-01,2014,3,1066343,73.45,24.51,0.49,35.072,59.02331033720701,0.0,0.0,35072093.49,35072093.49,35072093.49,-3.808,31.264000000000003,0.0,59.02331033720701
2014-04-01,2014,4,1069384,64.46,23.98,0.48,37.276,47.59341675397704,0.0,0.0,37275708.8,37275708.8,37275708.8,0.0,37.276,0.0,47.59341675397704
2014-05-01,2014,5,1072426,35.45,23.17,0.463,36.479,41.68247296360612,0.0,0.0,36479206.72,36479206.72,36479206.72,0.0,36.479,0.0,41.68247296360612
2014-06-01,2014,6,1075467,13.1,21.8,0.436,30.073,38.51842677866341,0.0,0.0,30073175.49,30073175.49,30073175.49,0.0,30.073,0.0,38.51842677866341
2014-07-01,2014,7,1078508,7.22,18.95,0.379,25.183,33.133505566516874,0.0,0.0,25182802.68,25182802.68,25182802.68,0.0,25.183,0.0,33.133505566516874
2014-08-01,2014,8,1081549,27.08,15.73,0.315,18.598,31.07979539947942,0.0,0.0,18597895.73,18597895.73,18597895.73,0.0,18.598,0.0,31.07979539947942
2014-09-01,2014,9,1084590,55.79,12.04,0.241,11.76,36.32256809366581,0.0,0.0,11760440.09,11760440.09,11760440.09,0.0,11.76,0.0,36.32256809366581
2014-10-01,2014,10,1087632,61.6,12.8,0.256,11.588,44.544253753887766,0.0,0.0,11587956.96,11587956.96,11587956.96,0.0,11.588,0.0,44.544253753887766
2014-11-01,2014,11,1090673,78.81,12.5,0.25,13.433,54.392377643573475,0.704,0.445,12.3,19.081,30.167,1.092,14.525,1.092,54.392377643573475
2014-12-01,2014,12,1093714,97.5,15.58,0.312,17.794,55.0544685163228,3.075,2.485,4.494,5.786,7.159,2.868,20.662,3.96,55.0544685163228
2015-01-01,2015,1,1096755,113.06,17.45,0.349,24.063,55.860375699228,4.83,3.83,3.802,4.982,6.282,2.3680000000000003,26.431,6.328,55.860375699228
2015-02-01,2015,2,1099901,96.83,21.76,0.435,30.058,57.69691937269419,3.448,1.974,5.311,8.717,15.227,-0.6690000000000005,29.389,5.659,57.69691937269419
2015-03-01,2015,3,1103046,75.89,23.08,0.462,35.431,60.56511554509474,0.0,0.0,35430993.5,35430993.5,35430993.5,-5.659,29.772,0.0,60.56511554509474
2015-04-01,2015,4,1106192,71.06,23.55,0.471,38.709,66.14998417174932,0.0,0.0,38708660.81,38708660.81,38708660.81,0.0,38.709,0.0,66.14998417174932
2015-05-01,2015,5,1109338,44.29,24.15,0.483,35.291,60.82057171164857,0.0,0.0,35290867.29,35290867.29,35290867.29,0.0,35.291,0.0,60.82057171164857
2015-06-01,2015,6,1112484,40.72,21.62,0.432,31.795,64.06089180351788,0.0,0.0,31795150.05,31795150.05,31795150.05,0.0,31.795,0.0,64.06089180351788
2015-07-01,2015,7,1115630,21.83,18.02,0.36,23.299,65.68453351972418,0.0,0.0,23299068.51,23299068.51,23299068.51,0.0,23.299,0.0,65.68453351972418
2015-08-01,2015,8,1118775,13.11,16.47,0.329,17.816,69.0647576008206,0.0,0.0,17815820.69,17815820.69,17815820.69,0.0,17.816,0.0,69.0647576008206
2015-09-01,2015,9,1121921,26.32,12.95,0.259,13.224,70.11477766092786,0.0,0.0,13223818.16,13223818.16,13223818.16,0.0,13.224,0.0,70.11477766092786
2015-10-01,2015,10,1125067,76.51,12.47,0.249,13.485,74.90877486192964,0.0,0.0,13485353.68,13485353.68,13485353.68,0.0,13.485,0.0,74.90877486192964
2015-11-01,2015,11,1128212,97.24,13.44,0.269,11.817,85.50598570856363,1.85,1.529,5.067,6.387,7.73,2.332,14.149,2.332,85.50598570856363
2015-12-01,2015,12,1131358,92.85,15.02,0.3,19.077,87.00299556226277,9.571,8.841,1.789,1.993,2.158,8.334,27.411,10.666,87.00299556226277
2016-01-01,2016,1,1134504,96.17,18.81,0.376,24.968,83.6699308971171,9.107,7.987,2.315,2.742,3.126,0.1199999999999992,25.088,10.786,83.6699308971171
2016-02-01,2016,2,1137758,109.26,21.11,0.422,31.879,80.49191485793139,3.352,1.828,5.655,9.511,17.437,-5.149,26.73,5.637,80.49191485793139
2016-03-01,2016,3,1141012,68.93,23.39,0.468,36.371,71.33061317308125,0.0,0.0,36371056.78,36371056.78,36371056.78,-5.637,30.734,0.0,71.33061317308125
2016-04-01,2016,4,1144266,51.05,25.43,0.509,38.734,62.784888933307,0.0,0.0,38733865.56,38733865.56,38733865.56,0.0,38.734,0.0,62.784888933307
2016-05-01,2016,5,1147521,46.43,22.95,0.459,36.087,61.212498130186376,0.0,0.0,36087091.53,36087091.53,36087091.53,0.0,36.087,0.0,61.212498130186376
2016-06-01,2016,6,1150775,21.41,19.79,0.396,32.612,51.364474457139494,0.0,0.0,32612498.48,32612498.48,32612498.48,0.0,32.612,0.0,51.364474457139494
2016-07-01,2016,7,1154029,19.95,19.61,0.392,24.362,49.33824614769526,0.0,0.0,24362359.36,24362359.36,24362359.36,0.0,24.362,0.0,49.33824614769526
2016-08-01,2016,8,1157283,23.72,17.26,0.345,19.138,41.7344788235116,0.0,0.0,19137711.2,19137711.2,19137711.2,0.0,19.138,0.0,41.7344788235116
2016-09-01,2016,9,1160537,43.38,13.0,0.26,12.558,42.4775262542115,0.0,0.0,12557863.76,12557863.76,12557863.76,0.0,12.558,0.0,42.4775262542115
2016-10-01,2016,10,1163792,74.07,11.12,0.222,10.964,47.082526580934015,0.0,0.0,10964312.9,10964312.9,10964312.9,0.0,10.964,0.0,47.082526580934015
2016-11-01,2016,11,1167046,80.91,13.07,0.261,12.235,48.56897503605016,3.902,3.591,2.8,3.135,3.407,4.369,16.604,4.369,48.56897503605016
2016-12-01,2016,12,1170300,101.08,15.28,0.306,18.323,58.573723650134326,7.887,7.236,2.067,2.323,2.532,4.494,22.817,8.863,58.573723650134326
2017-01-01,2017,1,1173554,79.5,18.38,0.368,26.292,60.774444343945106,9.848,8.773,2.294,2.67,2.997,2.5980000000000008,28.89,11.461,60.774444343945106
2017-02-01,2017,2,1176920,94.15,20.73,0.415,31.48,50.02500652364897,0.0,0.0,21.041,31479569.9,31479569.9,-9.965,21.515,1.496,50.02500652364897
2017-03-01,2017,3,1180286,71.57,24.11,0.482,36.816,44.09623943032365,0.0,0.0,36815622.98,36815622.98,36815622.98,-1.496,35.32,0.0,44.09623943032365
2017-04-01,2017,4,1183652,47.81,24.88,0.498,37.522,43.77863835762379,0.0,0.0,37521955.02,37521955.02,37521955.02,0.0,37.522,0.0,43.77863835762379
2017-05-01,2017,5,1187018,31.22,22.66,0.453,36.379,40.71686235631053,0.0,0.0,36378690.22,36378690.22,36378690.22,0.0,36.379,0.0,40.71686235631053
2017-06-01,2017,6,1190384,22.02,22.0,0.44,30.348,43.99587059416377,0.0,0.0,30348118.96,30348118.96,30348118.96,0.0,30.348,0.0,43.99587059416377
2017-07-01,2017,7,1193750,29.16,19.95,0.399,23.833,45.72311949457601,0.0,0.0,23833386.89,23833386.89,23833386.89,0.0,23.833,0.0,45.72311949457601
2017-08-01,2017,8,1197117,12.1,15.63,0.313,18.516,47.44381665897441,0.0,0.0,18516266.6,18516266.6,18516266.6,0.0,18.516,0.0,47.44381665897441
2017-09-01,2017,9,1200483,40.31,13.08,0.262,15.042,47.8721425001442,0.0,0.0,15041742.56,15041742.56,15041742.56,0.0,15.042,0.0,47.8721425001442
2017-10-01,2017,10,1203849,55.16,12.41,0.248,14.368,55.38804941738764,0.0,0.0,14367522.45,14367522.45,14367522.45,0.0,14.368,0.0,55.38804941738764
2017-11-01,2017,11,1207215,76.72,13.74,0.275,12.83,58.21241416453408,0.0,0.0,12829761.07,12829761.07,12829761.07,0.0,12.83,0.0,58.21241416453408
2017-12-01,2017,12,1210581,104.67,14.3,0.286,19.773,63.41804157002788,2.524,2.202,6.575,7.834,8.981,3.007,22.78,3.007,63.41804157002788
2018-01-01,2018,1,1213947,105.38,18.66,0.373,25.655,73.91002018932781,3.786,3.024,5.205,6.776,8.483,1.922,27.577,4.929,73.91002018932781
2018-02-01,2018,2,1217429,108.01,21.27,0.425,31.463,76.67912076402263,0.0,0.0,30.528,31463255.61,31463255.61,-3.898000000000001,27.565,1.031,76.67912076402263
2018-03-01,2018,3,1220911,78.45,25.03,0.501,37.242,77.3521798923517,0.0,0.0,37241736.2,37241736.2,37241736.2,-1.031,36.211,0.0,77.3521798923517
2018-04-01,2018,4,1224393,53.04,24.42,0.488,38.962,74.66009885717733,0.0,0.0,38962214.28,38962214.28,38962214.28,0.0,38.962,0.0,74.66009885717733
2018-05-01,2018,5,1227875,37.76,24.9,0.498,37.13,67.40809059872615,0.0,0.0,37130205.69,37130205.69,37130205.69,0.0,37.13,0.0,67.40809059872615
2018-06-01,2018,6,1231357,27.78,20.77,0.415,31.877,60.15969683581203,0.0,0.0,31876656.08,31876656.08,31876656.08,0.0,31.877,0.0,60.15969683581203
2018-07-01,2018,7,1234838,21.77,18.95,0.379,23.873,39.98097344027718,0.0,0.0,23873043.66,23873043.66,23873043.66,0.0,23.873,0.0,39.98097344027718
2018-08-01,2018,8,1238320,14.52,15.76,0.315,16.592,33.737936295868565,0.0,0.0,16592095.14,16592095.14,16592095.14,0.0,16.592,0.0,33.737936295868565
2018-09-01,2018,9,1241802,40.9,12.74,0.255,13.876,38.97665102636689,0.0,0.0,13875751.5,13875751.5,13875751.5,0.0,13.876,0.0,38.97665102636689
2018-10-01,2018,10,1245284,62.28,12.66,0.253,10.902,49.60047609678087,0.0,0.0,10901764.97,10901764.97,10901764.97,0.0,10.902,0.0,49.60047609678087
2018-11-01,2018,11,1248766,105.17,14.19,0.284,12.986,55.8735512566937,1.532,1.27,6.749,8.478,10.223,1.924,14.91,1.924,55.8735512566937
2018-12-01,2018,12,1252248,113.41,15.31,0.306,18.5,69.5194374568413,9.686,8.982,1.722,1.91,2.06,8.817,27.317,10.741,69.5194374568413
2019-01-01,2019,1,1255730,91.47,17.39,0.348,26.081,79.12950969348417,13.981,12.801,1.656,1.866,2.037,5.009,31.09,15.75,79.12950969348417
2019-02-01,2019,2,1259332,91.77,21.56,0.431,32.729,78.86378623306553,6.184,4.62,3.837,5.293,7.085,-7.221,25.508,8.529,78.86378623306553
2019-03-01,2019,3,1262934,65.37,23.13,0.463,36.883,76.47783922695334,0.0,0.0,36882744.11,36882744.11,36882744.11,-8.529,28.354000000000003,0.0,76.47783922695334
2019-04-01,2019,4,1266536,54.09,24.33,0.487,40.375,85.03475066620658,0.0,0.0,40374944.69,40374944.69,40374944.69,0.0,40.375,0.0,85.03475066620658
2019-05-01,2019,5,1270137,43.16,23.71,0.474,38.532,92.25997426249896,0.0,0.0,38532193.35,38532193.35,38532193.35,0.0,38.532,0.0,92.25997426249896
2019-06-01,2019,6,1273739,37.42,20.38,0.408,32.897,89.9756109194237,0.0,0.0,32897021.06,32897021.06,32897021.06,0.0,32.897,0.0,89.9756109194237
2019-07-01,2019,7,1277341,12.71,17.44,0.349,26.537,83.71240456238002,0.0,0.0,26537069.17,26537069.17,26537069.17,0.0,26.537,0.0,83.71240456238002
2019-08-01,2019,8,1280943,18.82,15.91,0.318,20.058,83.3580102441966,0.0,0.0,20057592.29,20057592.29,20057592.29,0.0,20.058,0.0,83.3580102441966
2019-09-01,2019,9,1284545,18.53,13.01,0.26,15.015,76.87272744792617,0.0,0.0,15014687.25,15014687.25,15014687.25,0.0,15.015,0.0,76.87272744792617
2019-10-01,2019,10,1288146,58.37,10.77,0.215,12.113,74.6691422275559,0.0,0.0,12113398.45,12113398.45,12113398.45,0.0,12.113,0.0,74.6691422275559
2019-11-01,2019,11,1291748,69.38,13.92,0.278,14.797,77.90360505819957,0.0,0.0,14796571.37,14796571.37,14796571.37,0.0,14.797,0.0,77.90360505819957
2019-12-01,2019,12,1295350,89.35,15.76,0.315,19.117,74.43993834861256,0.0,0.0,19116953.62,19116953.62,19116953.62,0.0,19.117,0.0,74.43993834861256
2020-01-01,2020,1,1298952,91.23,18.1,0.362,24.746,66.65688421535047,0.0,0.0,24745738.86,24745738.86,24745738.86,0.0,24.746,0.0,66.65688421535047
2020-02-01,2020,2,1302678,93.7,20.68,0.414,32.912,63.614447343638304,0.0,0.0,32911566.33,32911566.33,32911566.33,0.0,32.912,0.0,63.614447343638304
2020-03-01,2020,3,1306404,62.42,24.38,0.488,36.2,67.59139429222112,0.0,0.0,36200270.04,36200270.04,36200270.04,0.0,36.2,0.0,67.59139429222112
2020-04-01,2020,4,1310129,45.33,24.84,0.497,39.078,54.39955075338588,0.0,0.0,39077955.52,39077955.52,39077955.52,0.0,39.078,0.0,54.39955075338588
2020-05-01,2020,5,1313855,61.29,25.46,0.509,39.126,49.70094726139338,0.0,0.0,39125896.66,39125896.66,39125896.66,0.0,39.126,0.0,49.70094726139338
2020-06-01,2020,6,1317581,12.48,21.89,0.438,33.728,45.12959546831608,0.0,0.0,33727789.66,33727789.66,33727789.66,0.0,33.728,0.0,45.12959546831608
2020-07-01,2020,7,1321306,9.03,18.87,0.377,27.381,38.351694631101374,0.0,0.0,27381115.9,27381115.9,27381115.9,0.0,27.381,0.0,38.351694631101374
2020-08-01,2020,8,1325032,43.73,15.48,0.31,18.644,39.088800473773965,0.0,0.0,18643910.62,18643910.62,18643910.62,0.0,18.644,0.0,39.088800473773965
2020-09-01,2020,9,1328758,69.05,13.98,0.28,13.094,43.32382550658758,0.0,0.0,13093920.73,13093920.73,13093920.73,0.0,13.094,0.0,43.32382550658758
2020-10-01,2020,10,1332484,48.28,13.04,0.261,11.839,47.240791104534,0.692,0.402,10.503,17.104,29.438,1.127,12.966,1.127,47.240791104534
2020-11-01,2020,11,1336210,76.32,14.28,0.286,13.773,49.206498302438185,0.0,0.0,13772940.64,13772940.64,13772940.64,-1.127,12.646,0.0,49.206498302438185
2020-12-01,2020,12,1339935,98.06,15.24,0.305,18.881,43.81110691733025,1.487,1.167,9.594,12.695,16.182,1.968,20.849,1.968,43.81110691733025
2021-01-01,2021,1,1343661,117.29,18.33,0.367,27.221,52.390556245404625,2.275,1.543,8.068,11.963,17.641,1.406,28.627,3.374,52.390556245404625
2021-02-01,2021,2,1347515,84.77,21.29,0.426,32.627,49.89041215605071,0.0,0.0,78.363,32627201.04,32627201.04,-2.958,29.669000000000004,0.416,49.89041215605071
2021-03-01,2021,3,1351369,77.55,24.38,0.488,38.116,38.5938295124886,0.0,0.0,38116296.98,38116296.98,38116296.98,-0.416,37.7,0.0,38.5938295124886
2021-04-01,2021,4,1355223,67.77,25.68,0.514,38.863,36.67444996049156,0.0,0.0,38862936.74,38862936.74,38862936.74,0.0,38.863,0.0,36.67444996049156
2021-05-01,2021,5,1359077,44.35,23.5,0.47,38.357,44.57905724595688,0.0,0.0,38357028.42,38357028.42,38357028.42,0.0,38.357,0.0,44.57905724595688
2021-06-01,2021,6,1362931,21.6,21.33,0.427,32.902,43.676406629622335,0.0,0.0,32901649.16,32901649.16,32901649.16,0.0,32.902,0.0,43.676406629622335
2021-07-01,2021,7,1366785,18.66,18.85,0.377,25.087,44.974829777847546,0.0,0.0,25086953.15,25086953.15,25086953.15,0.0,25.087,0.0,44.974829777847546
2021-08-01,2021,8,1370639,11.61,15.46,0.309,18.8,47.966177742020285,0.0,0.0,18799668.65,18799668.65,18799668.65,0.0,18.8,0.0,47.966177742020285
2021-09-01,2021,9,1374493,37.62,14.1,0.282,13.856,51.69819108560386,0.0,0.0,13856430.22,13856430.22,13856430.22,0.0,13.856,0.0,51.69819108560386
2021-10-01,2021,10,1378347,57.34,11.05,0.221,12.004,50.07265808606233,0.0,0.0,12004272.76,12004272.76,12004272.76,0.0,12.004,0.0,50.07265808606233
2021-11-01,2021,11,1382201,82.32,12.86,0.257,16.021,43.660063314860416,0.0,0.0,16020853.78,16020853.78,16020853.78,0.0,16.021,0.0,43.660063314860416
2021-12-01,2021,12,1386055,89.09,15.08,0.302,19.048,50.356470221333,0.491,0.145,18.867,38.797,131.166,1.01,20.058,1.01,50.356470221333
2022-01-01,2022,1,1389909,104.72,17.04,0.341,25.795,55.24999961314285,0.0,0.0,70.047,25794830.54,25794830.54,-0.642,25.153,0.368,55.24999961314285
2022-02-01,2022,2,1393896,104.77,20.99,0.42,31.118,52.652873135057426,0.0,0.0,31117977.04,31117977.04,31117977.04,-0.368,30.75,0.0,52.652873135057426
2022-03-01,2022,3,1397882,81.55,23.22,0.464,37.245,55.3457912413413,0.0,0.0,37244880.39,37244880.39,37244880.39,0.0,37.245,0.0,55.3457912413413
2022-04-01,2022,4,1401869,63.52,24.52,0.49,39.742,56.19147752568614,0.0,0.0,39741779.61,39741779.61,39741779.61,0.0,39.742,0.0,56.19147752568614
2022-05-01,2022,5,1405856,40.53,24.64,0.493,37.604,53.84798229773513,0.0,0.0,37603585.33,37603585.33,37603585.33,0.0,37.604,0.0,53.84798229773513
2022-06-01,2022,6,1409842,25.36,21.49,0.43,34.553,60.18051167192645,0.0,0.0,34553440.19,34553440.19,34553440.19,0.0,34.553,0.0,60.18051167192645
2022-07-01,2022,7,1413829,12.78,17.94,0.359,25.895,59.76201329187019,0.0,0.0,25894877.82,25894877.82,25894877.82,0.0,25.895,0.0,59.76201329187019
2022-08-01,2022,8,1417816,28.52,15.62,0.312,20.731,55.92463916828187,0.0,0.0,20730881.86,20730881.86,20730881.86,0.0,20.731,0.0,55.92463916828187
2022-09-01,2022,9,1421802,39.03,14.2,0.284,14.61,53.38794376460902,0.0,0.0,14610167.47,14610167.47,14610167.47,0.0,14.61,0.0,53.38794376460902
2022-10-01,2022,10,1425789,80.93,11.98,0.24,12.123,49.590712547069124,0.0,0.0,12122840.29,12122840.29,12122840.29,0.0,12.123,0.0,49.590712547069124
2022-11-01,2022,11,1429776,95.73,12.83,0.257,14.204,56.543455137130124,4.123,3.783,3.066,3.445,3.754,4.633,18.837,4.633,56.543455137130124
2022-12-01,2022,12,1433762,98.5,16.05,0.321,19.468,69.37185620314139,9.164,8.422,1.894,2.124,2.312,5.643999999999999,25.112,10.277,69.37185620314139
2023-01-01,2023,1,1437749,92.37,18.53,0.371,28.329,79.74230166757098,9.439,8.283,2.536,3.001,3.42,0.8960000000000008,29.225,11.173,79.74230166757098
2023-02-01,2023,2,1441873,83.52,22.14,0.443,31.3,70.94522688272575,0.0,0.0,16.737,31299536.51,31299536.51,-9.303,21.997,1.87,70.94522688272575
2023-03-01,2023,3,1445997,91.91,23.88,0.478,36.423,57.5597667848958,0.0,0.0,36423262.56,36423262.56,36423262.56,-1.87,34.553000000000004,0.0,57.5597667848958
2023-04-01,2023,4,1450121,62.63,25.18,0.504,39.865,50.315250259980175,0.0,0.0,39865092.19,39865092.19,39865092.19,0.0,39.865,0.0,50.315250259980175
2023-05-01,2023,5,1454245,44.8,23.16,0.463,38.694,41.99001853172939,0.0,0.0,38693925.46,38693925.46,38693925.46,0.0,38.694,0.0,41.99001853172939
2023-06-01,2023,6,1458369,7.91,21.68,0.434,34.533,34.56322887097335,0.0,0.0,34532756.24,34532756.24,34532756.24,0.0,34.533,0.0,34.56322887097335
2023-07-01,2023,7,1462492,29.27,18.54,0.371,26.662,44.605481211507104,0.0,0.0,26662380.8,26662380.8,26662380.8,0.0,26.662,0.0,44.605481211507104
2023-08-01,2023,8,1466616,29.9,14.84,0.297,19.251,46.02665471352984,0.0,0.0,19250780.34,19250780.34,19250780.34,0.0,19.251,0.0,46.02665471352984
2023-09-01,2023,9,1470740,28.9,12.4,0.248,15.681,48.273921774384945,0.0,0.0,15680847.51,15680847.51,15680847.51,0.0,15.681,0.0,48.273921774384945
2023-10-01,2023,10,1474864,55.28,13.17,0.263,13.726,51.08142713522648,0.0,0.0,13725737.81,13725737.81,13725737.81,0.0,13.726,0.0,51.08142713522648
2023-11-01,2023,11,1478988,82.64,13.25,0.265,14.834,62.4230488839211,0.0,0.0,14834394.38,14834394.38,14834394.38,0.0,14.834,0.0,62.4230488839211
2023-12-01,2023,12,1483112,95.17,14.97,0.299,20.457,70.89890468904262,1.734,1.387,9.074,11.799,14.752,2.254,22.711,2.254,70.89890468904262
2024-01-01,2024,1,1487236,97.08,18.65,0.373,27.085,77.29718799025835,0.362,0.0,18.271,74.771,27084744.34,-0.772,26.313,1.482,77.29718799025835
2024-02-01,2024,2,1491502,93.61,22.51,0.45,33.1,76.80537942939985,0.0,0.0,33099881.46,33099881.46,33099881.46,-1.482,31.618,0.0,76.80537942939985
2024-03-01,2024,3,1495768,77.48,22.32,0.446,39.13,76.92103177482923,0.0,0.0,39129987.23,39129987.23,39129987.23,0.0,39.13,0.0,76.92103177482923
2024-04-01,2024,4,1500034,61.53,23.67,0.473,41.163,75.71980026397827,0.0,0.0,41163432.33,41163432.33,41163432.33,0.0,41.163,0.0,75.71980026397827
2024-05-01,2024,5,1504299,54.71,23.27,0.465,38.841,76.10116693548426,0.0,0.0,38841351.17,38841351.17,38841351.17,0.0,38.841,0.0,76.10116693548426
2024-06-01,2024,6,1508565,0.0,22.74,0.455,35.459,71.25832745246939,0.0,0.0,35459006.24,35459006.24,35459006.24,0.0,35.459,0.0,71.25832745246939
2024-07-01,2024,7,1512831,17.63,18.92,0.378,24.229,77.93155267044676,0.0,0.0,24229004.15,24229004.15,24229004.15,0.0,24.229,0.0,77.93155267044676
2024-08-01,2024,8,1517097,27.12,16.26,0.325,18.262,77.56857770067722,0.0,0.0,18262323.89,18262323.89,18262323.89,0.0,18.262,0.0,77.56857770067722
2024-09-01,2024,9,1521363,42.96,12.73,0.255,13.449,74.47517977774984,0.0,0.0,13448610.82,13448610.82,13448610.82,0.0,13.449,0.0,74.47517977774984
2024-10-01,2024,10,1525628,56.28,11.94,0.239,12.288,81.63825206062187,0.0,0.0,12287506.24,12287506.24,12287506.24,0.0,12.288,0.0,81.63825206062187
2024-11-01,2024,11,1529894,62.43,13.84,0.277,14.641,85.23718094891512,0.0,0.0,14641008.38,14641008.38,14641008.38,0.0,14.641,0.0,85.23718094891512
2024-12-01,2024,12,1534160,97.92,15.76,0.315,18.549,86.30634275895433,0.0,0.0,18548958.42,18548958.42,18548958.42,0.0,18.549,0.0,86.30634275895433
2025-01-01,2025,1,1538426,117.27,19.13,0.383,26.256,84.52216616956815,1.082,0.671,15.452,24.259,39.126,1.699,27.955,1.699,84.52216616956815
2025-02-01,2025,2,1542839,79.3,21.62,0.432,33.406,86.33791205302882,0.0,0.0,33405862.72,33405862.72,33405862.72,-1.699,31.707,0.0,86.33791205302882
2025-03-01,2025,3,1547251,88.64,24.14,0.483,42.231,84.3032124154634,0.0,0.0,42231143.18,42231143.18,42231143.18,0.0,42.231,0.0,84.3032124154634
2025-04-01,2025,4,1551664,56.71,24.86,0.497,42.953,79.0799554471879,0.0,0.0,42953123.7,42953123.7,42953123.7,0.0,42.953,0.0,79.0799554471879
2025-05-01,2025,5,1556077,39.39,24.49,0.49,39.11,76.70717135820153,0.0,0.0,39109930.08,39109930.08,39109930.08,0.0,39.11,0.0,76.70717135820153
2025-06-01,2025,6,1560489,14.83,22.31,0.446,34.228,68.1928703596097,0.0,0.0,34227598.55,34227598.55,34227598.55,0.0,34.228,0.0,68.1928703596097
2025-07-01,2025,7,1564902,16.66,17.62,0.352,26.206,68.0873791853656,0.0,0.0,26205996.96,26205996.96,26205996.96,0.0,26.206,0.0,68.0873791853656
2025-08-01,2025,8,1569315,38.36,14.18,0.284,17.787,64.82021601624336,0.0,0.0,17786800.63,17786800.63,17786800.63,0.0,17.787,0.0,64.82021601624336
2025-09-01,2025,9,1573727,45.83,14.26,0.285,14.882,69.10705119142189,0.0,0.0,14881938.47,14881938.47,14881938.47,0.0,14.882,0.0,69.10705119142189
2025-10-01,2025,10,1578140,77.32,13.58,0.272,12.464,65.56593774301447,0.0,0.0,12464377.25,12464377.25,12464377.25,0.0,12.464,0.0,65.56593774301447
2025-11-01,2025,11,1582553,91.77,12.84,0.257,14.946,57.21677940953188,3.015,2.69,4.268,4.958,5.556,3.502,18.448,3.502,57.21677940953188
2025-12-01,2025,12,1586965,99.03,14.45,0.289,18.507,51.67351068460859,6.507,5.796,2.444,2.844,3.193,4.07,22.577,7.572,51.67351068460859
2026-01-01,2026,1,1591378,117.44,18.85,0.377,26.635,49.99350782248807,7.883,6.757,2.782,3.379,3.942,1.9999999999999991,28.635,9.572,49.99350782248807
2026-02-01,2026,2,1595942,99.03,22.43,0.449,34.72,50.74169271215493,4.794,3.175,4.807,7.242,10.937,-2.3489999999999998,32.371,7.223,50.74169271215493
2026-03-01,2026,3,1600507,88.28,25.23,0.505,40.376,46.87024983972235,0.0,0.0,40376124.45,40376124.45,40376124.45,-7.223,33.153,0.0,46.87024983972235
2026-04-01,2026,4,1605072,57.03,25.14,0.503,42.144,50.424337645011484,0.0,0.0,42143834.89,42143834.89,42143834.89,0.0,42.144,0.0,50.424337645011484
2026-05-01,2026,5,1609636,40.67,23.72,0.474,38.485,56.69679745287843,0.0,0.0,38484530.98,38484530.98,38484530.98,0.0,38.485,0.0,56.69679745287843
2026-06-01,2026,6,1614200,18.38,21.15,0.423,35.441,57.9576870903677,0.0,0.0,35441101.17,35441101.17,35441101.17,0.0,35.441,0.0,57.9576870903677
2026-07-01,2026,7,1618765,29.9,18.79,0.376,26.596,54.14726248931835,0.0,0.0,26596302.42,26596302.42,26596302.42,0.0,26.596,0.0,54.14726248931835
2026-08-01,2026,8,1623330,13.58,15.57,0.311,21.132,50.32685090396477,0.0,0.0,21131858.7,21131858.7,21131858.7,0.0,21.132,0.0,50.32685090396477
2026-09-01,2026,9,1627894,47.82,12.87,0.257,15.701,46.36789921948474,0.0,0.0,15700794.28,15700794.28,15700794.28,0.0,15.701,0.0,46.36789921948474
2026-10-01,2026,10,1632458,58.09,14.21,0.284,11.752,44.96276918561896,0.0,0.0,11752263.99,11752263.99,11752263.99,0.0,11.752,0.0,44.96276918561896
2026-11-01,2026,11,1637023,91.71,14.83,0.297,15.137,46.25336478882241,0.0,0.0,92.818,15137351.6,15137351.6,0.163,15.3,0.163,46.25336478882241
2026-12-01,2026,12,1641588,102.15,16.58,0.332,20.786,50.62254127766896,3.248,2.863,5.211,6.4,7.261,3.826,24.612,3.989,50.62254127766896
2027-01-01,2027,1,1646152,118.21,18.22,0.364,28.395,58.680382405558,2.938,2.124,6.57,9.665,13.372,0.3330000000000002,28.728,4.322,58.680382405558
2027-02-01,2027,2,1650874,101.95,22.46,0.449,34.866,63.44776942327172,0.0,0.0,90.217,34865856.34,34865856.34,-3.936,30.93,0.386,63.44776942327172
2027-03-01,2027,3,1655595,64.28,24.5,0.49,41.929,67.23007285214952,0.0,0.0,41929086.77,41929086.77,41929086.77,-0.386,41.543,0.0,67.23007285214952
2027-04-01,2027,4,1660317,59.33,25.17,0.503,43.411,69.11578339910027,0.0,0.0,43410904.18,43410904.18,43410904.18,0.0,43.411,0.0,69.11578339910027
2027-05-01,2027,5,1665039,28.28,24.93,0.499,40.116,61.17575570149111,0.0,0.0,40115997.6,40115997.6,40115997.6,0.0,40.116,0.0,61.17575570149111
2027-06-01,2027,6,1669760,20.18,22.3,0.446,36.029,41.719549769779675,0.0,0.0,36028873.66,36028873.66,36028873.66,0.0,36.029,0.0,41.719549769779675
2027-07-01,2027,7,1674482,35.11,19.38,0.388,29.373,33.73673593765777,0.0,0.0,29372689.49,29372689.49,29372689.49,0.0,29.373,0.0,33.73673593765777
2027-08-01,2027,8,1679204,31.73,16.31,0.326,23.022,27.31839997889018,0.0,0.0,23022172.52,23022172.52,23022172.52,0.0,23.022,0.0,27.31839997889018
2027-09-01,2027,9,1683925,33.01,13.9,0.278,14.33,31.164134522627382,0.0,0.0,14330177.18,14330177.18,14330177.18,0.0,14.33,0.0,31.164134522627382
2027-10-01,2027,10,1688647,49.86,11.61,0.232,12.684,38.521902409500356,0.0,0.0,12684343.68,12684343.68,12684343.68,0.0,12.684,0.0,38.521902409500356
2027-11-01,2027,11,1693369,80.33,13.72,0.274,16.733,48.30084849766464,0.0,0.0,16732989.06,16732989.06,16732989.06,0.0,16.733,0.0,48.30084849766464
2027-12-01,2027,12,1698090,82.48,15.47,0.309,19.482,51.67207786814322,0.0,0.0,19481979.29,19481979.29,19481979.29,0.0,19.482,0.0,51.67207786814322
2028-01-01,2028,1,1702812,93.29,18.04,0.361,26.658,42.51869758001166,0.0,0.0,26657519.37,26657519.37,26657519.37,0.0,26.658,0.0,42.51869758001166
2028-02-01,2028,2,1707696,97.76,23.12,0.462,34.942,48.128561157265466,0.0,0.0,34942438.7,34942438.7,34942438.7,0.0,34.942,0.0,48.128561157265466
2028-03-01,2028,3,1712580,91.55,25.35,0.507,41.21,47.98902243823137,0.0,0.0,41210164.45,41210164.45,41210164.45,0.0,41.21,0.0,47.98902243823137
2028-04-01,2028,4,1717464,66.09,25.89,0.518,42.768,48.81198230058756,0.0,0.0,42767966.3,42767966.3,42767966.3,0.0,42.768,0.0,48.81198230058756
2028-05-01,2028,5,1722349,17.09,24.31,0.486,39.642,46.80579827660432,0.0,0.0,39641721.71,39641721.71,39641721.71,0.0,39.642,0.0,46.80579827660432
2028-06-01,2028,6,1727233,28.4,22.89,0.458,35.001,43.84059342153708,0.0,0.0,35000503.13,35000503.13,35000503.13,0.0,35.001,0.0,43.84059342153708
2028-07-01,2028,7,1732117,20.72,18.95,0.379,27.457,43.60532805388618,0.0,0.0,27457382.32,27457382.32,27457382.32,0.0,27.457,0.0,43.60532805388618
2028-08-01,2028,8,1737001,29.5,16.08,0.322,20.067,46.82383772656985,0.0,0.0,20067023.01,20067023.01,20067023.01,0.0,20.067,0.0,46.82383772656985
2028-09-01,2028,9,1741885,56.16,12.98,0.26,17.595,51.114729588555605,0.0,0.0,17594950.04,17594950.04,17594950.04,0.0,17.595,0.0,51.114729588555605
2028-10-01,2028,10,1746770,39.37,13.22,0.264,14.219,57.61878782482371,0.0,0.0,14218627.03,14218627.03,14218627.03,0.0,14.219,0.0,57.61878782482371
2028-11-01,2028,11,1751654,74.09,13.79,0.276,16.145,57.28087545620791,0.0,0.0,16144584.44,16144584.44,16144584.44,0.0,16.145,0.0,57.28087545620791
2028-12-01,2028,12,1756538,100.55,15.03,0.301,20.561,65.07661859393785,0.0,0.0,20561459.92,20561459.92,20561459.92,0.0,20.561,0.0,65.07661859393785
2029-01-01,2029,1,1761422,84.18,18.98,0.38,27.898,69.15444740910462,0.0,0.0,110.052,27897533.43,27897533.43,0.253,28.151,0.253,69.15444740910462
2029-02-01,2029,2,1766474,109.4,21.96,0.439,34.946,73.73030799490364,0.0,0.0,34946409.45,34946409.45,34946409.45,-0.253,34.693,0.0,73.73030799490364
2029-03-01,2029,3,1771526,83.68,25.47,0.509,38.47,76.9820673357382,0.0,0.0,38470078.03,38470078.03,38470078.03,0.0,38.47,0.0,76.9820673357382
2029-04-01,2029,4,1776579,68.47,25.65,0.513,41.885,69.3446764938802,0.0,0.0,41884970.46,41884970.46,41884970.46,0.0,41.885,0.0,69.3446764938802
2029-05-01,2029,5,1781631,34.29,24.22,0.484,39.18,62.435460752189755,0.0,0.0,39180294.19,39180294.19,39180294.19,0.0,39.18,0.0,62.435460752189755
2029-06-01,2029,6,1786683,33.5,22.19,0.444,33.368,62.24415124972418,0.0,0.0,33367948.56,33367948.56,33367948.56,0.0,33.368,0.0,62.24415124972418
2029-07-01,2029,7,1791736,30.68,19.05,0.381,27.204,65.19348675985,0.0,0.0,27203901.91,27203901.91,27203901.91,0.0,27.204,0.0,65.19348675985
2029-08-01,2029,8,1796788,27.69,15.88,0.318,22.818,63.47492049293312,0.0,0.0,22817994.89,22817994.89,22817994.89,0.0,22.818,0.0,63.47492049293312
2029-09-01,2029,9,1801840,42.34,13.07,0.261,15.925,65.19328747261545,0.0,0.0,15924526.01,15924526.01,15924526.01,0.0,15.925,0.0,65.19328747261545
2029-10-01,2029,10,1806892,62.7,12.91,0.258,15.231,69.83830633894947,0.0,0.0,15230759.59,15230759.59,15230759.59,0.0,15.231,0.0,69.83830633894947
2029-11-01,2029,11,1811944,71.37,13.3,0.266,16.288,57.44531733371581,0.0,0.0,16288489.59,16288489.59,16288489.59,0.0,16.288,0.0,57.44531733371581
2029-12-01,2029,12,1816997,93.17,15.14,0.303,21.681,56.666526759924196,0.0,0.0,21680518.45,21680518.45,21680518.45,0.0,21.681,0.0,56.666526759924196
2030-01-01,2030,1,1822049,98.47,19.46,0.389,27.944,63.15719857055552,0.0,0.0,27943960.45,27943960.45,27943960.45,0.0,27.944,0.0,63.15719857055552
2030-02-01,2030,2,1827275,98.47,22.37,0.447,36.242,67.88727695079228,0.0,0.0,36241946.48,36241946.48,36241946.48,0.0,36.242,0.0,67.88727695079228
2030-03-01,2030,3,1832501,90.0,23.05,0.461,42.109,83.25373473547174,0.0,0.0,42109039.33,42109039.33,42109039.33,0.0,42.109,0.0,83.25373473547174
2030-04-01,2030,4,1837728,49.41,25.01,0.5,42.809,87.02664659001205,0.0,0.0,42808880.7,42808880.7,42808880.7,0.0,42.809,0.0,87.02664659001205
2030-05-01,2030,5,1842954,38.75,24.99,0.5,42.566,83.57470098268405,0.0,0.0,42566344.22,42566344.22,42566344.22,0.0,42.566,0.0,83.57470098268405
2030-06-01,2030,6,1848180,40.17,22.84,0.457,36.559,71.81475149219578,0.0,0.0,36559335.75,36559335.75,36559335.75,0.0,36.559,0.0,71.81475149219578
2030-07-01,2030,7,1853406,12.56,19.82,0.396,28.36,62.691771355935316,0.0,0.0,28360060.88,28360060.88,28360060.88,0.0,28.36,0.0,62.691771355935316
2030-08-01,2030,8,1858632,17.14,16.13,0.323,20.792,62.47388062983192,0.0,0.0,20792407.94,20792407.94,20792407.94,0.0,20.792,0.0,62.47388062983192
2030-09-01,2030,9,1863858,42.02,13.31,0.266,15.199,66.08776481623691,0.0,0.0,15198660.12,15198660.12,15198660.12,0.0,15.199,0.0,66.08776481623691
2030-10-01,2030,10,1869084,68.44,12.34,0.247,14.129,61.64789487748989,0.0,0.0,14129105.15,14129105.15,14129105.15,0.0,14.129,0.0,61.64789487748989
2030-11-01,2030,11,1874311,80.11,14.15,0.283,16.662,75.12592097178867,0.0,0.0,16662373.65,16662373.65,16662373.65,0.0,16.662,0.0,75.12592097178867
2030-12-01,2030,12,1879537,107.93,16.37,0.327,20.867,78.67243000802222,0.0,0.0,20867230.52,20867230.52,20867230.52,0.0,20.867,0.0,78.67243000802222
2031-01-01,2031,1,1884763,108.57,20.08,0.402,29.268,78.11183984334778,0.791,0.338,19.898,37.004,86.688,1.471,30.739,1.471,78.11183984334778
2031-02-01,2031,2,1890169,103.06,22.95,0.459,36.956,68.59149514452756,0.0,0.0,36955851.1,36955851.1,36955851.1,-1.471,35.485,0.0,68.59149514452756
2031-03-01,2031,3,1895575,85.54,24.28,0.486,42.402,72.03177306536075,0.0,0.0,42401672.04,42401672.04,42401672.04,0.0,42.402,0.0,72.03177306536075
2031-04-01,2031,4,1900981,83.28,24.31,0.486,44.916,67.23162350603528,0.0,0.0,44915677.9,44915677.9,44915677.9,0.0,44.916,0.0,67.23162350603528
2031-05-01,2031,5,1906387,37.95,24.15,0.483,43.131,61.21907659208654,0.0,0.0,43130774.81,43130774.81,43130774.81,0.0,43.131,0.0,61.21907659208654
2031-06-01,2031,6,1911793,5.32,22.33,0.447,35.613,44.9122389598382,0.0,0.0,35613388.75,35613388.75,35613388.75,0.0,35.613,0.0,44.9122389598382
2031-07-01,2031,7,1917200,36.04,19.04,0.381,30.799,44.67942293565625,0.0,0.0,30799076.37,30799076.37,30799076.37,0.0,30.799,0.0,44.67942293565625
2031-08-01,2031,8,1922606,20.78,15.78,0.316,20.945,46.49223861930913,0.0,0.0,20944936.9,20944936.9,20944936.9,0.0,20.945,0.0,46.49223861930913
2031-09-01,2031,9,1928012,41.08,14.16,0.283,17.763,51.28198589938303,0.0,0.0,17762634.06,17762634.06,17762634.06,0.0,17.763,0.0,51.28198589938303
2031-10-01,2031,10,1933418,73.1,12.83,0.257,14.636,56.06727006646298,0.0,0.0,14636157.77,14636157.77,14636157.77,0.0,14.636,0.0,56.06727006646298
2031-11-01,2031,11,1938824,63.98,13.54,0.271,15.912,62.99491072794076,0.0,0.0,34.792,15912118.02,15912118.02,0.457,16.369,0.457,62.99491072794076
2031-12-01,2031,12,1944230,82.12,16.4,0.328,20.096,64.39529474284706,0.0,0.0,20095765.23,20095765.23,20095765.23,-0.457,19.639,0.0,64.39529474284706
2032-01-01,2032,1,1949636,83.99,18.98,0.38,28.902,66.10308331605549,0.0,0.0,28901751.11,28901751.11,28901751.11,0.0,28.902,0.0,66.10308331605549
2032-02-01,2032,2,1955228,86.7,22.43,0.449,35.075,62.06642772054441,0.0,0.0,35075282.53,35075282.53,35075282.53,0.0,35.075,0.0,62.06642772054441
2032-03-01,2032,3,1960820,84.4,24.65,0.493,43.129,58.445273964132284,0.0,0.0,43129175.25,43129175.25,43129175.25,0.0,43.129,0.0,58.445273964132284
2032-04-01,2032,4,1966412,65.24,24.46,0.489,45.893,52.803263401358805,0.0,0.0,45893232.3,45893232.3,45893232.3,0.0,45.893,0.0,52.803263401358805
2032-05-01,2032,5,1972005,42.76,24.12,0.482,41.315,52.88481475426426,0.0,0.0,41314808.64,41314808.64,41314808.64,0.0,41.315,0.0,52.88481475426426
2032-06-01,2032,6,1977597,11.23,23.27,0.465,37.475,38.60873211499314,0.0,0.0,37475497.05,37475497.05,37475497.05,0.0,37.475,0.0,38.60873211499314
2032-07-01,2032,7,1983189,0.0,18.45,0.369,28.586,34.99733177654248,0.0,0.0,28586224.03,28586224.03,28586224.03,0.0,28.586,0.0,34.99733177654248
2032-08-01,2032,8,1988781,25.9,14.78,0.296,21.375,34.24368539815343,0.0,0.0,21375211.55,21375211.55,21375211.55,0.0,21.375,0.0,34.24368539815343
2032-09-01,2032,9,1994373,35.28,12.76,0.255,17.334,56.02456888242703,0.0,0.0,17334114.19,17334114.19,17334114.19,0.0,17.334,0.0,56.02456888242703
2032-10-01,2032,10,1999966,64.59,13.28,0.266,14.952,57.4120353400136,0.0,0.0,14951694.93,14951694.93,14951694.93,0.0,14.952,0.0,57.4120353400136
2032-11-01,2032,11,2005558,87.02,14.09,0.282,18.447,68.53052014876194,0.0,0.0,18447498.45,18447498.45,18447498.45,0.0,18.447,0.0,68.53052014876194
2032-12-01,2032,12,2011150,96.02,16.18,0.324,21.434,66.2323422726902,0.0,0.0,21434432.26,21434432.26,21434432.26,0.0,21.434,0.0,66.2323422726902
2033-01-01,2033,1,2016742,107.6,20.19,0.404,30.619,64.6427305130951,0.0,0.0,30618891.48,30618891.48,30618891.48,0.0,30.619,0.0,64.6427305130951
2033-02-01,2033,2,2022527,96.93,20.47,0.409,36.939,70.65497805677253,0.0,0.0,36939126.82,36939126.82,36939126.82,0.0,36.939,0.0,70.65497805677253
2033-03-01,2033,3,2028311,85.3,24.81,0.496,43.267,73.80519608330222,0.0,0.0,43267142.86,43267142.86,43267142.86,0.0,43.267,0.0,73.80519608330222
2033-04-01,2033,4,2034096,52.95,26.43,0.529,44.49,71.73578000087521,0.0,0.0,44489668.46,44489668.46,44489668.46,0.0,44.49,0.0,71.73578000087521
2033-05-01,2033,5,2039880,38.2,23.75,0.475,42.469,65.91763095459292,0.0,0.0,42468669.19,42468669.19,42468669.19,0.0,42.469,0.0,65.91763095459292
2033-06-01,2033,6,2045665,27.33,22.07,0.441,37.63,51.86176331780881,0.0,0.0,37630404.31,37630404.31,37630404.31,0.0,37.63,0.0,51.86176331780881
2033-07-01,2033,7,2051450,28.21,18.81,0.376,28.638,48.13606038945268,0.0,0.0,28637982.41,28637982.41,28637982.41,0.0,28.638,0.0,48.13606038945268
2033-08-01,2033,8,2057234,21.42,15.71,0.314,23.096,50.2924965062705,0.0,0.0,23096291.3,23096291.3,23096291.3,0.0,23.096,0.0,50.2924965062705
2033-09-01,2033,9,2063019,45.21,13.92,0.278,17.454,47.24883860026692,0.0,0.0,17453602.07,17453602.07,17453602.07,0.0,17.454,0.0,47.24883860026692
2033-10-01,2033,10,2068803,57.34,14.34,0.287,15.733,42.539912318828705,0.0,0.0,15732866.33,15732866.33,15732866.33,0.0,15.733,0.0,42.539912318828705
2033-11-01,2033,11,2074588,78.82,15.43,0.309,18.858,44.11932161277559,0.0,0.0,18858202.84,18858202.84,18858202.84,0.0,18.858,0.0,44.11932161277559
2033-12-01,2033,12,2080372,102.94,16.1,0.322,23.515,48.46273118681644,0.0,0.0,23514859.63,23514859.63,23514859.63,0.0,23.515,0.0,48.46273118681644
2034-01-01,2034,1,2086157,80.07,20.75,0.415,30.014,56.53639839829495,0.0,0.0,30014061.63,30014061.63,30014061.63,0.0,30.014,0.0,56.53639839829495
2034-02-01,2034,2,2092141,81.68,22.44,0.449,38.393,62.74169494157688,0.0,0.0,38392538.2,38392538.2,38392538.2,0.0,38.393,0.0,62.74169494157688
2034-03-01,2034,3,2098124,65.18,25.84,0.517,42.6,67.37462673549607,0.0,0.0,42600272.47,42600272.47,42600272.47,0.0,42.6,0.0,67.37462673549607
2034-04-01,2034,4,2104108,36.66,25.35,0.507,45.221,63.415518227072994,0.0,0.0,45221472.29,45221472.29,45221472.29,0.0,45.221,0.0,63.415518227072994
2034-05-01,2034,5,2110092,33.22,24.71,0.494,42.797,60.36555877939006,0.0,0.0,42796589.97,42796589.97,42796589.97,0.0,42.797,0.0,60.36555877939006
2034-06-01,2034,6,2116076,32.85,22.68,0.454,39.354,56.378409562025915,0.0,0.0,39354228.61,39354228.61,39354228.61,0.0,39.354,0.0,56.378409562025915
2034-07-01,2034,7,2122060,17.15,21.65,0.433,30.86,55.988018840907614,0.0,0.0,30860300.95,30860300.95,30860300.95,0.0,30.86,0.0,55.988018840907614
2034-08-01,2034,8,2128043,27.34,17.02,0.34,22.233,58.41197008511854,0.0,0.0,22233192.23,22233192.23,22233192.23,0.0,22.233,0.0,58.41197008511854
2034-09-01,2034,9,2134027,50.89,13.73,0.275,18.605,61.108767704123075,0.0,0.0,18604996.45,18604996.45,18604996.45,0.0,18.605,0.0,61.108767704123075
2034-10-01,2034,10,2140011,73.28,14.1,0.282,13.946,67.67775866481293,0.0,0.0,13945941.18,13945941.18,13945941.18,0.0,13.946,0.0,67.67775866481293
2034-11-01,2034,11,2145994,79.31,13.97,0.279,15.143,66.50209079060642,0.699,0.391,13.052,21.676,38.746,1.16,16.303,1.16,66.50209079060642
2034-12-01,2034,12,2151978,108.18,16.08,0.322,23.666,66.29321430000833,1.432,0.791,9.89,16.532,29.931,1.233,24.899,2.393,66.29321430000833
2035-01-01,2035,1,2157962,100.92,20.14,0.403,30.562,74.50311139006575,0.0,0.0,27.219,30562265.67,30562265.67,-1.2699999999999998,29.292,1.123,74.50311139006575
2035-02-01,2035,2,2157962,86.27,22.52,0.45,38.184,75.50480980657802,0.0,0.0,38183974.41,38183974.41,38183974.41,-1.123,37.061,0.0,75.50480980657802
2035-03-01,2035,3,2157962,74.06,24.89,0.498,42.363,74.35881925766506,0.0,0.0,42363174.39,42363174.39,42363174.39,0.0,42.363,0.0,74.35881925766506
2035-04-01,2035,4,2157962,45.19,25.51,0.51,45.263,74.00347772374536,0.0,0.0,45262563.08,45262563.08,45262563.08,0.0,45.263,0.0,74.00347772374536
2035-05-01,2035,5,2157962,31.12,24.93,0.499,45.788,73.59332616875875,0.0,0.0,45787593.67,45787593.67,45787593.67,0.0,45.788,0.0,73.59332616875875
2035-06-01,2035,6,2157962,21.78,22.8,0.456,38.627,82.7980901664576,0.0,0.0,38626714.65,38626714.65,38626714.65,0.0,38.627,0.0,82.7980901664576
2035-07-01,2035,7,2157962,28.04,18.14,0.363,30.346,77.37454993489231,0.0,0.0,30346211.89,30346211.89,30346211.89,0.0,30.346,0.0,77.37454993489231
2035-08-01,2035,8,2157962,42.57,16.97,0.339,23.022,74.1830559062955,0.0,0.0,23021625.47,23021625.47,23021625.47,0.0,23.022,0.0,74.1830559062955
2035-09-01,2035,9,2157962,26.18,13.62,0.272,17.226,76.25232307516563,0.0,0.0,17225503.69,17225503.69,17225503.69,0.0,17.226,0.0,76.25232307516563
2035-10-01,2035,10,2157962,63.93,12.49,0.25,13.825,80.27225574808082,0.0,0.0,13825127.54,13825127.54,13825127.54,0.0,13.825,0.0,80.27225574808082
2035-11-01,2035,11,2157962,69.59,14.26,0.285,17.565,82.28053705870838,0.0,0.0,17564592.78,17564592.78,17564592.78,0.0,17.565,0.0,82.28053705870838
2035-12-01,2035,12,2157962,99.39,16.56,0.331,23.752,72.94176959028403,0.0,0.0,23752355.37,23752355.37,23752355.37,0.0,23.752,0.0,72.94176959028403
