date,year,month,population,rainfall_mm,temperature_c,inflow_mcm,losses_mcm,supply_mcm,domestic_demand_mcm,agricultural_demand_mcm,industrial_demand_mcm,total_demand_mcm,storage_mcm,stress_index_demand_over_supply,stress_index_demand_over_storage,scenario
2000-01-01,2000,1,661516,93.66,17.14,16.353,2.27,14.083,2.332,11.499,3.14,16.971,150.0,1.205,0.113,virtual_water
2000-02-01,2000,2,663405,72.83,20.48,14.062,2.503,11.559,2.458,19.737,3.371,25.566,147.112,2.212,0.174,virtual_water
2000-03-01,2000,3,665294,81.51,23.54,13.002,2.706,10.296,2.575,23.565,3.729,29.869,133.105,2.901,0.224,virtual_water
2000-04-01,2000,4,667184,66.29,23.85,12.979,2.675,10.304,2.594,23.699,3.158,29.45,113.532,2.858,0.259,virtual_water
2000-05-01,2000,5,669073,14.09,23.46,5.256,2.57,2.686,2.587,19.683,3.453,25.723,94.385,9.577,0.273,virtual_water
2000-06-01,2000,6,670962,9.06,21.29,0.336,2.348,0.0,2.516,17.804,3.295,23.615,71.348,23615220.46,0.331,virtual_water
2000-07-01,2000,7,672851,21.53,19.06,1.547,2.106,0.0,2.442,15.479,3.528,21.449,47.733,21449130.889,0.449,virtual_water
2000-08-01,2000,8,674740,20.89,14.73,3.68,1.735,1.945,2.291,5.666,3.403,11.36,26.283,5.841,0.432,virtual_water
2000-09-01,2000,9,676629,37.3,11.62,5.489,1.447,4.042,2.184,4.923,3.869,10.976,16.868,2.715,0.651,virtual_water
2000-10-01,2000,10,678518,44.76,12.85,7.359,1.447,5.912,2.235,2.584,3.627,8.446,9.935,1.429,0.85,virtual_water
2000-11-01,2000,11,680408,83.05,12.54,12.502,1.371,11.131,2.23,6.305,3.172,11.707,7.4,1.052,1.582,virtual_water
2000-12-01,2000,12,682297,94.64,15.89,16.135,1.505,14.63,2.359,8.19,3.668,14.217,6.824,0.972,2.083,virtual_water
2001-01-01,2001,1,684186,90.79,18.34,16.849,1.614,15.235,2.456,14.541,3.327,20.324,7.237,1.334,2.808,virtual_water
2001-02-01,2001,2,686140,98.84,20.93,15.985,1.745,14.24,2.559,19.755,3.377,25.691,2.147,1.804,11.964,virtual_water
2001-03-01,2001,3,688094,78.11,23.51,13.82,1.761,12.059,2.662,24.954,3.599,31.216,0.0,2.589,31216246.717,virtual_water
2001-04-01,2001,4,690048,44.69,25.59,8.7,1.719,6.982,2.748,23.852,3.398,29.998,0.0,4.297,29998234.819,virtual_water
2001-05-01,2001,5,692001,41.93,24.89,7.713,1.689,6.024,2.729,23.202,3.744,29.676,0.0,4.926,29675571.742,virtual_water
2001-06-01,2001,6,693955,13.18,21.09,4.812,1.53,3.282,2.594,17.294,3.327,23.216,0.0,7.073,23215737.956,virtual_water
2001-07-01,2001,7,695909,30.54,18.16,4.088,1.407,2.682,2.492,15.484,3.366,21.342,0.0,7.959,21342489.088,virtual_water
2001-08-01,2001,8,697863,24.09,15.89,2.553,1.311,1.242,2.413,8.123,3.357,13.894,0.0,11.189,13893584.871,virtual_water
2001-09-01,2001,9,699817,35.28,12.16,4.224,1.155,3.069,2.279,4.688,3.38,10.347,0.0,3.371,10346739.16,virtual_water
2001-10-01,2001,10,701770,46.83,12.3,6.922,1.16,5.762,2.291,3.989,3.796,10.076,0.0,1.749,10075684.782,virtual_water
2001-11-01,2001,11,703724,87.17,12.81,12.691,1.182,11.509,2.317,3.486,3.678,9.48,0.0,0.824,9480439.592,virtual_water
2001-12-01,2001,12,705678,83.46,15.28,14.473,1.286,13.187,2.417,9.311,3.948,15.676,2.028,1.189,7.729,virtual_water
2002-01-01,2002,1,707632,84.86,17.39,14.808,1.481,13.327,2.504,15.273,4.109,21.886,0.0,1.642,21886348.239,virtual_water
2002-02-01,2002,2,709653,81.09,19.79,14.139,1.475,12.664,2.603,19.504,3.284,25.391,0.0,2.005,25391252.479,virtual_water
2002-03-01,2002,3,711674,78.89,21.6,14.76,1.551,13.209,2.68,20.935,3.56,27.175,0.0,2.057,27174825.496,virtual_water
2002-04-01,2002,4,713695,59.39,23.17,10.875,1.617,9.259,2.748,24.043,3.248,30.04,0.0,3.245,30039794.389,virtual_water
2002-05-01,2002,5,715716,42.45,22.89,7.628,1.605,6.023,2.745,23.732,3.348,29.825,0.0,4.952,29825066.321,virtual_water
2002-06-01,2002,6,717737,29.86,20.83,6.27,1.519,4.751,2.673,16.898,3.384,22.956,0.0,4.832,22956155.214,virtual_water
2002-07-01,2002,7,719758,45.7,19.61,5.937,1.468,4.47,2.634,12.822,3.278,18.734,0.0,4.191,18733532.465,virtual_water
2002-08-01,2002,8,721778,19.81,15.94,5.138,1.314,3.824,2.498,10.124,3.279,15.901,0.0,4.158,15900968.508,virtual_water
2002-09-01,2002,9,723799,31.35,12.09,4.963,1.152,3.811,2.355,5.707,3.506,11.567,0.0,3.035,11567087.672,virtual_water
2002-10-01,2002,10,725820,45.23,12.34,7.069,1.162,5.907,2.371,4.526,3.238,10.135,0.0,1.716,10134903.919,virtual_water
2002-11-01,2002,11,727841,79.89,12.54,13.432,1.171,12.262,2.385,7.614,3.753,13.752,0.0,1.122,13751569.304,virtual_water
2002-12-01,2002,12,729862,98.86,14.83,15.807,1.267,14.54,2.482,9.634,3.313,15.429,0.0,1.061,15429052.645,virtual_water
2003-01-01,2003,1,731883,88.63,18.24,17.696,1.41,16.286,2.624,14.957,4.265,21.847,0.0,1.341,21846559.627,virtual_water
2003-02-01,2003,2,733973,75.23,21.59,13.688,1.551,12.138,2.764,22.481,3.45,28.695,0.0,2.364,28694902.813,virtual_water
2003-03-01,2003,3,736063,62.61,23.01,10.597,1.611,8.987,2.829,22.676,3.581,29.085,0.0,3.237,29085156.05,virtual_water
2003-04-01,2003,4,738153,62.81,24.94,11.037,1.692,9.345,2.913,23.331,3.239,29.483,0.0,3.155,29483061.44,virtual_water
2003-05-01,2003,5,740243,46.42,22.37,8.123,1.584,6.539,2.819,23.446,3.99,30.254,0.0,4.627,30253990.747,virtual_water
2003-06-01,2003,6,742333,31.21,21.1,5.658,1.53,4.128,2.776,19.755,3.843,26.373,0.0,6.388,26373347.639,virtual_water
2003-07-01,2003,7,744424,12.01,20.17,3.428,1.491,1.937,2.746,13.536,3.637,19.919,0.0,10.286,19919407.201,virtual_water
2003-08-01,2003,8,746514,27.48,15.27,4.441,1.285,3.156,2.556,7.869,3.226,13.652,0.0,4.326,13651855.724,virtual_water
2003-09-01,2003,9,748604,38.9,14.04,5.71,1.234,4.476,2.514,8.176,3.616,14.305,0.0,3.196,14305249.997,virtual_water
2003-10-01,2003,10,750694,57.62,12.16,9.891,1.155,8.736,2.445,4.44,3.283,10.168,0.0,1.164,10167723.292,virtual_water
2003-11-01,2003,11,752784,82.96,13.36,14.114,1.205,12.908,2.5,4.525,3.929,10.954,0.0,0.849,10953932.6,virtual_water
2003-12-01,2003,12,754874,87.99,15.04,16.284,1.276,15.008,2.576,10.207,3.765,16.548,1.955,1.103,8.467,virtual_water
2004-01-01,2004,1,756964,98.15,17.98,17.066,1.505,15.561,2.703,14.093,3.608,20.404,0.414,1.311,49.3,virtual_water
2004-02-01,2004,2,759126,86.12,20.5,16.793,1.557,15.236,2.814,19.001,2.975,24.789,0.0,1.627,24789379.719,virtual_water
2004-03-01,2004,3,761288,75.97,23.66,12.323,1.638,10.685,2.952,23.698,3.338,29.988,0.0,2.806,29987705.802,virtual_water
2004-04-01,2004,4,763449,62.58,23.44,11.4,1.628,9.771,2.951,22.834,3.756,29.541,0.0,3.023,29540941.643,virtual_water
2004-05-01,2004,5,765611,20.01,23.85,5.043,1.646,3.398,2.977,23.446,3.887,30.31,0.0,8.921,30309752.854,virtual_water
2004-06-01,2004,6,767773,20.85,21.99,3.701,1.568,2.133,2.908,21.6,3.861,28.369,0.0,13.299,28368672.604,virtual_water
2004-07-01,2004,7,769934,14.36,18.41,2.396,1.417,0.979,2.767,14.783,3.186,20.737,0.0,21.185,20736795.618,virtual_water
2004-08-01,2004,8,772096,17.02,14.89,2.706,1.269,1.437,2.628,8.693,3.659,14.98,0.0,10.428,14980236.446,virtual_water
2004-09-01,2004,9,774258,34.2,13.29,6.589,1.202,5.387,2.569,4.817,3.838,11.223,0.0,2.084,11223133.765,virtual_water
2004-10-01,2004,10,776420,72.94,11.87,10.595,1.143,9.452,2.516,3.572,3.169,9.257,0.0,0.979,9257496.576,virtual_water
2004-11-01,2004,11,778582,62.11,13.67,11.769,1.218,10.551,2.599,5.12,3.582,11.302,0.195,1.071,58.096,virtual_water
2004-12-01,2004,12,780743,96.93,13.65,14.949,1.247,13.702,2.606,8.691,3.652,14.949,0.0,1.091,14948715.785,virtual_water
2005-01-01,2005,1,782905,52.35,17.88,11.563,1.395,10.168,2.792,15.38,3.53,21.701,0.0,2.134,21700909.217,virtual_water
2005-02-01,2005,2,785141,60.97,19.56,10.222,1.465,8.757,2.871,17.3,3.142,23.313,0.0,2.662,23312658.781,virtual_water
2005-03-01,2005,3,787377,55.84,22.15,10.4,1.574,8.826,2.989,24.148,3.524,30.66,0.0,3.474,30660398.81,virtual_water
2005-04-01,2005,4,789612,46.53,25.24,9.563,1.704,7.859,3.129,24.024,3.523,30.677,0.0,3.903,30676798.213,virtual_water
2005-05-01,2005,5,791848,34.53,24.06,7.99,1.655,6.335,3.088,23.566,3.568,30.221,0.0,4.77,30221482.598,virtual_water
2005-06-01,2005,6,794084,25.66,20.57,5.203,1.508,3.695,2.947,18.028,3.464,24.439,0.0,6.614,24438606.823,virtual_water
2005-07-01,2005,7,796320,11.86,16.95,3.272,1.356,1.916,2.799,15.874,3.494,22.168,0.0,11.571,22167820.989,virtual_water
2005-08-01,2005,8,798556,14.36,12.78,1.461,1.181,0.28,2.627,10.675,3.595,16.897,0.0,60.366,16897109.081,virtual_water
2005-09-01,2005,9,800792,35.85,12.52,5.075,1.17,3.905,2.623,6.598,3.716,12.937,0.0,3.313,12937078.865,virtual_water
2005-10-01,2005,10,803028,39.53,14.09,7.476,1.236,6.241,2.699,2.262,3.529,8.49,0.0,1.36,8489890.691,virtual_water
2005-11-01,2005,11,805263,42.89,13.3,8.023,1.203,6.82,2.672,6.441,3.503,12.616,0.0,1.85,12616174.205,virtual_water
2005-12-01,2005,12,807499,53.78,14.7,9.01,1.261,7.748,2.741,9.666,3.628,16.035,0.0,2.069,16034506.578,virtual_water
2006-01-01,2006,1,809735,78.97,18.55,13.206,1.423,11.783,2.917,12.41,3.146,18.472,0.0,1.568,18471957.488,virtual_water
2006-02-01,2006,2,812047,91.28,19.93,15.72,1.481,14.239,2.985,19.427,3.745,26.157,0.0,1.837,26157420.114,virtual_water
2006-03-01,2006,3,814360,74.21,23.14,14.843,1.616,13.227,3.135,23.642,3.626,30.402,0.0,2.298,30402251.908,virtual_water
2006-04-01,2006,4,816672,63.29,24.26,11.88,1.663,10.217,3.193,25.243,3.636,32.072,0.0,3.139,32072415.592,virtual_water
2006-05-01,2006,5,818985,32.37,23.31,7.004,1.623,5.381,3.16,23.417,3.866,30.443,0.0,5.658,30443124.743,virtual_water
2006-06-01,2006,6,821297,26.59,21.81,5.226,1.56,3.666,3.103,19.805,3.138,26.046,0.0,7.106,26046037.11,virtual_water
2006-07-01,2006,7,823610,27.51,18.46,2.421,1.419,1.002,2.962,16.104,3.133,22.199,0.0,22.153,22199075.419,virtual_water
2006-08-01,2006,8,825922,20.98,15.71,4.32,1.304,3.016,2.848,10.687,3.694,17.23,0.0,5.713,17229958.249,virtual_water
2006-09-01,2006,9,828234,42.98,12.43,3.448,1.166,2.282,2.709,2.027,3.624,8.361,0.0,3.665,8361131.434,virtual_water
2006-10-01,2006,10,830547,47.06,12.9,6.642,1.186,5.456,2.738,3.715,3.669,10.122,0.0,1.855,10121519.141,virtual_water
2006-11-01,2006,11,832859,68.14,14.29,11.179,1.244,9.935,2.808,5.27,3.51,11.589,0.0,1.166,11588768.884,virtual_water
2006-12-01,2006,12,835172,80.73,14.4,13.849,1.249,12.6,2.821,7.113,3.792,13.727,0.0,1.089,13726619.806,virtual_water
2007-01-01,2007,1,837484,75.65,17.5,12.575,1.379,11.197,2.969,14.505,3.88,21.354,0.0,1.907,21354052.212,virtual_water
2007-02-01,2007,2,839876,91.15,22.28,14.568,1.58,12.989,3.194,21.031,3.768,27.993,0.0,2.155,27992589.725,virtual_water
2007-03-01,2007,3,842267,66.87,23.25,14.073,1.621,12.453,3.248,21.991,3.582,28.82,0.0,2.314,28820153.394,virtual_water
2007-04-01,2007,4,844659,55.15,25.33,9.879,1.708,8.171,3.352,25.076,3.12,31.547,0.0,3.861,31547352.215,virtual_water
2007-05-01,2007,5,847051,43.27,23.05,9.99,1.612,8.378,3.257,22.196,3.839,29.292,0.0,3.496,29291813.995,virtual_water
2007-06-01,2007,6,849442,30.05,22.37,5.951,1.584,4.367,3.235,18.726,3.952,25.913,0.0,5.934,25912981.424,virtual_water
2007-07-01,2007,7,851834,27.98,18.32,5.332,1.413,3.919,3.057,16.165,3.808,23.03,0.0,5.877,23030260.501,virtual_water
2007-08-01,2007,8,854226,23.51,15.42,5.642,1.291,4.351,2.932,8.601,3.427,14.96,0.0,3.438,14960144.866,virtual_water
2007-09-01,2007,9,856617,32.42,14.27,5.31,1.243,4.067,2.887,6.044,3.815,12.746,0.0,3.134,12746456.281,virtual_water
2007-10-01,2007,10,859009,54.04,11.92,7.521,1.145,6.376,2.786,1.867,3.862,8.515,0.0,1.336,8515047.181,virtual_water
2007-11-01,2007,11,861401,52.25,12.26,9.15,1.159,7.991,2.81,7.724,4.037,14.571,0.0,1.823,14570710.706,virtual_water
2007-12-01,2007,12,863792,67.95,14.85,11.038,1.268,9.77,2.939,9.975,3.428,16.342,0.0,1.673,16341743.274,virtual_water
2008-01-01,2008,1,866184,74.13,18.6,11.556,1.425,10.131,3.122,14.229,3.611,20.963,0.0,2.069,20962546.587,virtual_water
2008-02-01,2008,2,868658,73.34,19.99,12.672,1.483,11.188,3.196,20.299,3.855,27.35,0.0,2.445,27349541.761,virtual_water
2008-03-01,2008,3,871131,77.3,23.95,12.726,1.65,11.076,3.391,21.694,3.682,28.767,0.0,2.597,28767343.996,virtual_water
2008-04-01,2008,4,873605,44.13,23.81,10.204,1.644,8.56,3.395,26.187,3.389,32.97,0.0,3.852,32970257.996,virtual_water
2008-05-01,2008,5,876079,32.96,24.35,6.383,1.667,4.716,3.43,22.997,3.772,30.198,0.0,6.404,30198222.247,virtual_water
2008-06-01,2008,6,878552,40.28,19.32,6.439,1.456,4.983,3.201,19.363,3.813,26.377,0.0,5.293,26376811.064,virtual_water
2008-07-01,2008,7,881026,15.72,17.61,3.956,1.384,2.572,3.129,13.858,3.69,20.677,0.0,8.038,20676509.092,virtual_water
2008-08-01,2008,8,883500,33.54,13.89,5.113,1.227,3.885,2.96,8.591,3.723,15.274,0.0,3.931,15273929.907,virtual_water
2008-09-01,2008,9,885973,26.3,12.38,5.476,1.164,4.312,2.896,6.344,3.603,12.844,0.0,2.979,12843503.752,virtual_water
2008-10-01,2008,10,888447,52.53,12.44,7.016,1.166,5.85,2.907,4.435,4.038,11.379,0.0,1.945,11379352.803,virtual_water
2008-11-01,2008,11,890921,61.1,12.9,9.41,1.186,8.224,2.937,6.293,3.443,12.673,0.0,1.541,12672573.134,virtual_water
2008-12-01,2008,12,893394,81.24,15.04,14.044,1.276,12.768,3.048,9.277,3.521,15.847,0.0,1.241,15846889.306,virtual_water
2009-01-01,2009,1,895868,100.08,18.14,16.196,1.406,14.79,3.207,15.12,3.692,22.019,0.0,1.489,22018526.78,virtual_water
2009-02-01,2009,2,898426,64.58,21.43,12.032,1.544,10.488,3.376,19.181,3.909,26.466,0.0,2.523,26465836.287,virtual_water
2009-03-01,2009,3,900985,77.71,22.66,13.266,1.596,11.67,3.445,26.152,3.315,32.911,0.0,2.82,32911365.903,virtual_water
2009-04-01,2009,4,903543,57.85,24.84,11.538,1.687,9.851,3.561,22.982,3.361,29.905,0.0,3.036,29904877.047,virtual_water
2009-05-01,2009,5,906102,30.37,24.0,5.533,1.652,3.881,3.53,24.989,3.18,31.699,0.0,8.167,31698705.233,virtual_water
2009-06-01,2009,6,908660,7.34,21.58,2.677,1.55,1.126,3.421,21.325,3.697,28.444,0.0,25.251,28443961.142,virtual_water
2009-07-01,2009,7,911218,20.87,18.72,3.53,1.43,2.1,3.29,13.481,3.409,20.181,0.0,9.612,20180897.818,virtual_water
2009-08-01,2009,8,913777,18.34,15.51,3.641,1.295,2.346,3.141,11.999,3.593,18.733,0.0,7.986,18732993.158,virtual_water
2009-09-01,2009,9,916335,40.29,14.7,6.404,1.261,5.142,3.11,6.727,3.854,13.691,0.0,2.662,13690861.93,virtual_water
2009-10-01,2009,10,918894,55.26,12.2,7.762,1.156,6.605,2.995,5.309,3.529,11.832,0.0,1.791,11832487.236,virtual_water
2009-11-01,2009,11,921452,91.72,12.83,14.402,1.183,13.219,3.034,5.566,3.747,12.347,0.0,0.934,12346508.603,virtual_water
2009-12-01,2009,12,924011,82.44,14.67,14.672,1.26,13.412,3.134,9.063,3.614,15.812,0.873,1.179,18.119,virtual_water
2010-01-01,2010,1,926569,77.72,17.47,13.462,1.448,12.015,3.283,14.309,3.878,21.47,0.0,1.787,21470132.726,virtual_water
2010-02-01,2010,2,929215,87.46,20.3,15.491,1.497,13.994,3.435,20.229,3.829,27.492,0.0,1.965,27492204.472,virtual_water
2010-03-01,2010,3,931861,75.14,22.79,14.98,1.601,13.379,3.569,25.248,3.537,32.355,0.0,2.418,32354500.797,virtual_water
2010-04-01,2010,4,934507,71.31,24.24,14.116,1.662,12.454,3.653,25.178,3.668,32.499,0.0,2.61,32498538.998,virtual_water
2010-05-01,2010,5,937153,47.52,23.76,10.617,1.642,8.975,3.639,22.473,3.971,30.083,0.0,3.352,30083052.209,virtual_water
2010-06-01,2010,6,939799,28.97,21.34,5.956,1.54,4.416,3.527,20.749,3.808,28.084,0.0,6.36,28084167.822,virtual_water
2010-07-01,2010,7,942446,37.56,17.69,6.404,1.387,5.017,3.351,15.665,3.361,22.377,0.0,4.46,22376654.613,virtual_water
2010-08-01,2010,8,945092,10.42,16.02,3.862,1.317,2.545,3.275,10.146,3.874,17.294,0.0,6.794,17294320.447,virtual_water
2010-09-01,2010,9,947738,29.82,13.7,4.298,1.219,3.078,3.165,6.448,3.439,13.052,0.0,4.24,13051798.549,virtual_water
2010-10-01,2010,10,950384,43.88,12.17,7.046,1.155,5.891,3.096,3.835,4.063,10.994,0.0,1.866,10993701.548,virtual_water
2010-11-01,2010,11,953030,67.82,12.58,11.271,1.172,10.099,3.125,4.439,3.966,11.53,0.0,1.142,11529940.263,virtual_water
2010-12-01,2010,12,955676,68.79,15.74,11.94,1.305,10.635,3.297,8.318,3.782,15.398,0.0,1.448,15397617.041,virtual_water
2011-01-01,2011,1,958322,73.22,18.48,11.997,1.42,10.577,3.448,12.653,3.77,19.872,0.0,1.879,19871736.814,virtual_water
2011-02-01,2011,2,961059,61.98,20.17,11.105,1.491,9.614,3.546,20.12,3.679,27.345,0.0,2.844,27344675.743,virtual_water
2011-03-01,2011,3,963796,41.14,23.47,8.801,1.63,7.171,3.727,23.557,3.901,31.185,0.0,4.349,31185252.13,virtual_water
2011-04-01,2011,4,966532,32.11,24.54,6.096,1.675,4.421,3.794,24.528,3.638,31.96,0.0,7.229,31960093.553,virtual_water
2011-05-01,2011,5,969269,30.95,22.81,5.749,1.602,4.147,3.714,20.111,3.79,27.614,0.0,6.659,27614252.281,virtual_water
2011-06-01,2011,6,972006,26.06,21.48,5.353,1.546,3.807,3.655,18.339,3.949,25.943,0.0,6.815,25942963.879,virtual_water
2011-07-01,2011,7,974742,32.97,17.17,5.107,1.365,3.742,3.438,15.961,3.591,22.989,0.0,6.143,22989445.315,virtual_water
2011-08-01,2011,8,977479,44.74,16.4,7.817,1.333,6.484,3.407,8.598,3.577,15.582,0.0,2.403,15582445.791,virtual_water
2011-09-01,2011,9,980216,31.85,14.13,6.554,1.238,5.317,3.297,6.007,3.432,12.736,0.0,2.396,12736415.272,virtual_water
2011-10-01,2011,10,982953,32.34,12.13,4.647,1.153,3.493,3.199,2.507,3.465,9.171,0.0,2.625,9171482.242,virtual_water
2011-11-01,2011,11,985690,35.19,13.42,7.162,1.208,5.954,3.277,7.301,3.274,13.852,0.0,2.326,13852389.112,virtual_water
2011-12-01,2011,12,988426,66.39,13.4,9.58,1.207,8.373,3.285,9.223,3.913,16.422,0.0,1.961,16421866.545,virtual_water
2012-01-01,2012,1,991163,80.24,17.43,11.992,1.376,10.615,3.51,15.02,4.204,22.734,0.0,2.142,22734465.753,virtual_water
2012-02-01,2012,2,993994,80.33,21.12,13.217,1.531,11.686,3.718,22.703,4.108,30.53,0.0,2.613,30529547.209,virtual_water
2012-03-01,2012,3,996824,65.15,22.7,11.382,1.597,9.784,3.814,25.568,3.345,32.727,0.0,3.345,32726718.443,virtual_water
2012-04-01,2012,4,999655,53.31,24.93,9.993,1.691,8.302,3.945,24.784,3.933,32.662,0.0,3.934,32662273.351,virtual_water
2012-05-01,2012,5,1002485,50.29,25.15,8.74,1.7,7.04,3.968,23.036,4.108,31.112,0.0,4.419,31111760.73,virtual_water
2012-06-01,2012,6,1005316,26.57,20.42,5.626,1.502,4.125,3.722,19.521,3.638,26.881,0.0,6.517,26881435.458,virtual_water
2012-07-01,2012,7,1008146,18.1,17.69,4.108,1.387,2.721,3.584,15.284,3.777,22.645,0.0,8.323,22645463.228,virtual_water
2012-08-01,2012,8,1010977,12.26,15.55,2.724,1.297,1.427,3.477,9.306,3.25,16.033,0.0,11.236,16033124.996,virtual_water
2012-09-01,2012,9,1013808,17.4,14.45,3.029,1.251,1.778,3.427,5.122,3.819,12.368,0.0,6.958,12367567.869,virtual_water
2012-10-01,2012,10,1016638,49.16,11.38,7.264,1.122,6.142,3.268,5.953,3.486,12.707,0.0,2.069,12706845.817,virtual_water
2012-11-01,2012,11,1019469,71.85,13.36,11.876,1.205,10.671,3.386,5.459,3.802,12.647,0.0,1.185,12647183.52,virtual_water
2012-12-01,2012,12,1022299,106.53,16.82,15.135,1.35,13.785,3.586,12.192,3.362,19.14,0.0,1.388,19139554.262,virtual_water
2013-01-01,2013,1,1025130,91.56,17.07,16.518,1.361,15.157,3.61,14.837,3.909,22.356,0.0,1.475,22355808.994,virtual_water
2013-02-01,2013,2,1028058,97.1,20.37,14.958,1.499,13.459,3.804,22.13,4.029,29.963,0.0,2.226,29963032.125,virtual_water
2013-03-01,2013,3,1030985,66.51,23.25,13.274,1.62,11.654,3.975,24.267,3.577,31.819,0.0,2.73,31819385.682,virtual_water
2013-04-01,2013,4,1033913,40.78,23.97,8.484,1.651,6.833,4.027,26.404,3.489,33.919,0.0,4.964,33918967.148,virtual_water
2013-05-01,2013,5,1036840,25.92,24.24,6.152,1.662,4.491,4.053,22.969,3.234,30.256,0.0,6.738,30255803.651,virtual_water
2013-06-01,2013,6,1039768,15.99,21.58,4.269,1.55,2.719,3.915,18.963,3.706,26.585,0.0,9.779,26585130.248,virtual_water
2013-07-01,2013,7,1042696,45.54,16.97,6.58,1.357,5.224,3.667,15.28,3.628,22.574,0.0,4.321,22573762.891,virtual_water
2013-08-01,2013,8,1045623,14.83,15.8,3.808,1.308,2.5,3.611,10.654,3.385,17.65,0.0,7.06,17650385.049,virtual_water
2013-09-01,2013,9,1048551,47.56,12.73,6.993,1.179,5.814,3.447,5.666,3.886,12.999,0.0,2.236,12999103.439,virtual_water
2013-10-01,2013,10,1051478,44.16,13.41,7.485,1.207,6.278,3.495,2.664,3.661,9.82,0.0,1.564,9820070.111,virtual_water
2013-11-01,2013,11,1054406,83.68,12.69,12.568,1.177,11.391,3.464,3.985,3.504,10.953,0.0,0.962,10953266.146,virtual_water
2013-12-01,2013,12,1057333,89.93,14.88,16.199,1.269,14.93,3.599,7.755,3.634,14.988,0.438,1.004,34.229,virtual_water
2014-01-01,2014,1,1060261,88.12,18.85,15.07,1.487,13.583,3.836,12.663,4.062,20.561,0.379,1.514,54.262,virtual_water
2014-02-01,2014,2,1063302,84.82,22.03,15.662,1.622,14.04,4.03,20.195,3.945,28.17,0.0,2.006,28169646.31,virtual_water
2014-03-01,2014,3,1066343,64.64,23.97,12.914,1.651,11.263,4.153,25.279,3.761,33.194,0.0,2.947,33193786.215,virtual_water
2014-04-01,2014,4,1069384,60.35,23.07,10.023,1.613,8.41,4.113,25.328,3.949,33.389,0.0,3.97,33389381.621,virtual_water
2014-05-01,2014,5,1072426,32.04,24.05,7.873,1.654,6.219,4.181,21.217,3.504,28.901,0.0,4.648,28901369.342,virtual_water
2014-06-01,2014,6,1075467,9.98,20.59,3.464,1.509,1.955,3.992,19.835,3.802,27.629,0.0,14.134,27629309.474,virtual_water
2014-07-01,2014,7,1078508,4.66,18.61,1.177,1.426,0.0,3.888,14.589,3.831,22.307,0.0,22307323.682,22307323.682,virtual_water
2014-08-01,2014,8,1081549,26.76,14.28,2.913,1.244,1.669,3.646,12.019,3.677,19.342,0.0,11.586,19341829.407,virtual_water
2014-09-01,2014,9,1084590,56.45,13.58,7.633,1.214,6.418,3.615,3.89,3.903,11.408,0.0,1.778,11408409.369,virtual_water
2014-10-01,2014,10,1087632,56.92,11.77,9.506,1.139,8.368,3.519,3.755,3.599,10.873,0.0,1.299,10873473.379,virtual_water
2014-11-01,2014,11,1090673,71.08,12.2,12.129,1.156,10.973,3.554,7.686,3.921,15.161,0.0,1.382,15161399.969,virtual_water
2014-12-01,2014,12,1093714,88.74,15.99,13.838,1.316,12.522,3.788,10.044,3.932,17.764,0.0,1.419,17764034.054,virtual_water
2015-01-01,2015,1,1096755,105.67,18.64,17.954,1.427,16.527,3.956,15.516,3.086,22.557,0.0,1.365,22557393.658,virtual_water
2015-02-01,2015,2,1099901,87.94,20.96,15.327,1.524,13.803,4.105,20.278,4.113,28.495,0.0,2.064,28494660.052,virtual_water
2015-03-01,2015,3,1103046,67.57,24.81,12.731,1.686,11.045,4.346,24.416,3.053,31.814,0.0,2.88,31814435.652,virtual_water
2015-04-01,2015,4,1106192,68.28,24.1,11.999,1.656,10.343,4.316,26.373,3.661,34.35,0.0,3.321,34349665.829,virtual_water
2015-05-01,2015,5,1109338,42.65,23.67,10.765,1.638,9.126,4.302,23.048,4.071,31.422,0.0,3.443,31422144.136,virtual_water
2015-06-01,2015,6,1112484,43.12,21.67,6.419,1.554,4.865,4.194,21.194,3.736,29.123,0.0,5.986,29123318.927,virtual_water
2015-07-01,2015,7,1115630,22.2,17.95,6.161,1.398,4.763,3.982,13.192,3.448,20.623,0.0,4.33,20623122.176,virtual_water
2015-08-01,2015,8,1118775,10.0,15.83,2.51,1.309,1.201,3.865,9.934,3.542,17.341,0.0,14.438,17340586.512,virtual_water
2015-09-01,2015,9,1121921,21.08,12.83,3.436,1.183,2.254,3.694,5.875,4.072,13.64,0.0,6.053,13640452.495,virtual_water
2015-10-01,2015,10,1125067,74.81,12.12,10.366,1.153,9.213,3.662,3.5,3.335,10.497,0.0,1.139,10496620.11,virtual_water
2015-11-01,2015,11,1128212,93.18,14.34,15.698,1.246,14.452,3.807,5.633,4.097,13.537,0.0,0.937,13537391.484,virtual_water
2015-12-01,2015,12,1131358,83.16,14.62,14.956,1.258,13.698,3.835,8.793,3.801,16.429,0.915,1.199,17.963,virtual_water
2016-01-01,2016,1,1134504,85.4,16.55,15.991,1.409,14.582,3.964,13.61,3.538,21.111,0.0,1.448,21111461.282,virtual_water
2016-02-01,2016,2,1137758,102.85,22.77,16.717,1.6,15.117,4.357,19.792,3.69,27.839,0.0,1.842,27838941.457,virtual_water
2016-03-01,2016,3,1141012,59.22,25.72,13.559,1.724,11.835,4.551,22.786,3.582,30.919,0.0,2.612,30918507.746,virtual_water
2016-04-01,2016,4,1144266,44.26,24.16,8.016,1.659,6.357,4.468,25.923,4.053,34.444,0.0,5.418,34443600.343,virtual_water
2016-05-01,2016,5,1147521,45.22,22.13,7.815,1.573,6.242,4.355,22.73,4.019,31.104,0.0,4.983,31104171.74,virtual_water
2016-06-01,2016,6,1150775,19.95,21.23,3.961,1.536,2.425,4.311,21.07,3.406,28.788,0.0,11.871,28787967.024,virtual_water
2016-07-01,2016,7,1154029,19.94,18.25,3.854,1.411,2.444,4.138,13.478,3.735,21.351,0.0,8.738,21351160.536,virtual_water
2016-08-01,2016,8,1157283,22.73,15.33,4.987,1.288,3.699,3.967,8.896,3.62,16.483,0.0,4.456,16483485.689,virtual_water
2016-09-01,2016,9,1160537,41.55,12.39,6.221,1.165,5.057,3.794,4.932,4.159,12.885,0.0,2.548,12885404.677,virtual_water
2016-10-01,2016,10,1163792,71.89,12.94,10.83,1.188,9.643,3.839,5.846,3.498,13.184,0.0,1.367,13183948.25,virtual_water
2016-11-01,2016,11,1167046,73.59,13.7,11.897,1.22,10.677,3.898,6.078,4.237,14.213,0.0,1.331,14212810.46,virtual_water
2016-12-01,2016,12,1170300,93.04,14.28,15.077,1.244,13.833,3.946,9.322,3.828,17.095,0.0,1.236,17095098.546,virtual_water
2017-01-01,2017,1,1173554,65.4,19.07,11.622,1.445,10.177,4.26,15.55,3.567,23.377,0.0,2.297,23376680.623,virtual_water
2017-02-01,2017,2,1176920,84.73,23.15,13.082,1.616,11.466,4.531,17.763,3.688,25.982,0.0,2.266,25982445.94,virtual_water
2017-03-01,2017,3,1180286,62.38,23.84,12.271,1.645,10.626,4.588,24.149,3.657,32.394,0.0,3.049,32394419.441,virtual_water
2017-04-01,2017,4,1183652,40.37,24.24,9.276,1.662,7.614,4.627,28.029,3.538,36.194,0.0,4.754,36194219.423,virtual_water
2017-05-01,2017,5,1187018,26.96,23.59,7.67,1.635,6.035,4.599,24.36,3.881,32.839,0.0,5.441,32839178.886,virtual_water
2017-06-01,2017,6,1190384,20.68,22.0,3.48,1.568,1.911,4.509,20.373,3.55,28.433,0.0,14.875,28432833.615,virtual_water
2017-07-01,2017,7,1193750,30.99,17.13,6.03,1.363,4.667,4.208,15.61,3.312,23.129,0.0,4.956,23129363.166,virtual_water
2017-08-01,2017,8,1197117,8.77,15.64,2.897,1.301,1.596,4.124,10.687,3.762,18.572,0.0,11.639,18572443.608,virtual_water
2017-09-01,2017,9,1200483,37.87,13.0,4.978,1.19,3.788,3.964,3.306,3.406,10.676,0.0,2.818,10676262.836,virtual_water
2017-10-01,2017,10,1203849,49.19,13.99,8.36,1.232,7.128,4.039,2.253,3.669,9.962,0.0,1.397,9961519.968,virtual_water
2017-11-01,2017,11,1207215,68.57,13.17,11.032,1.197,9.834,3.998,5.955,3.63,13.583,0.0,1.381,13582520.838,virtual_water
2017-12-01,2017,12,1210581,97.34,16.84,15.613,1.351,14.261,4.249,8.754,3.639,16.642,0.0,1.167,16641988.852,virtual_water
2018-01-01,2018,1,1213947,96.46,17.66,16.6,1.386,15.214,4.314,16.582,4.378,25.274,0.0,1.661,25274404.275,virtual_water
2018-02-01,2018,2,1217429,101.36,22.01,16.362,1.568,14.794,4.612,19.99,3.892,28.494,0.0,1.926,28494157.841,virtual_water
2018-03-01,2018,3,1220911,70.65,23.99,12.741,1.652,11.089,4.756,21.97,3.939,30.666,0.0,2.765,30665816.52,virtual_water
2018-04-01,2018,4,1224393,46.65,23.84,9.946,1.645,8.3,4.76,24.206,3.434,32.4,0.0,3.903,32400252.718,virtual_water
2018-05-01,2018,5,1227875,34.81,23.88,6.492,1.647,4.845,4.776,20.992,3.715,29.482,0.0,6.084,29482404.105,virtual_water
2018-06-01,2018,6,1231357,27.6,22.51,4.732,1.589,3.142,4.698,20.087,3.932,28.717,0.0,9.139,28717165.034,virtual_water
2018-07-01,2018,7,1234838,22.12,18.28,4.165,1.412,2.754,4.43,14.782,3.622,22.833,0.0,8.292,22833383.873,virtual_water
2018-08-01,2018,8,1238320,11.68,14.19,3.228,1.24,1.988,4.168,9.139,4.105,17.412,0.0,8.76,17411928.927,virtual_water
2018-09-01,2018,9,1241802,38.59,13.33,5.484,1.204,4.28,4.123,7.019,3.577,14.719,0.0,3.439,14718733.713,virtual_water
2018-10-01,2018,10,1245284,57.74,11.82,8.574,1.14,7.434,4.032,5.726,3.806,13.565,0.0,1.825,13565079.704,virtual_water
2018-11-01,2018,11,1248766,102.71,13.07,16.594,1.193,15.401,4.128,5.52,3.731,13.379,0.0,0.869,13379371.877,virtual_water
2018-12-01,2018,12,1252248,107.83,15.47,19.865,1.294,18.571,4.302,7.086,3.919,15.308,2.022,0.824,7.571,virtual_water
2019-01-01,2019,1,1255730,79.76,17.21,15.828,1.472,14.356,4.432,15.805,3.739,23.975,5.285,1.67,4.536,virtual_water
2019-02-01,2019,2,1259332,81.86,20.28,14.995,1.682,13.312,4.653,21.11,3.831,29.595,0.0,2.223,29594917.98,virtual_water
2019-03-01,2019,3,1262934,54.94,24.15,12.021,1.658,10.363,4.931,24.754,3.84,33.524,0.0,3.235,33524411.881,virtual_water
2019-04-01,2019,4,1266536,47.91,24.15,9.658,1.658,7.999,4.945,27.002,3.715,35.662,0.0,4.458,35661983.51,virtual_water
2019-05-01,2019,5,1270137,41.29,21.71,8.064,1.556,6.508,4.792,22.985,4.02,31.797,0.0,4.886,31796600.477,virtual_water
2019-06-01,2019,6,1273739,39.16,22.2,7.443,1.576,5.867,4.839,22.855,3.959,31.652,0.0,5.395,31651636.435,virtual_water
2019-07-01,2019,7,1277341,11.25,18.79,3.85,1.433,2.417,4.617,13.913,3.877,22.407,0.0,9.271,22406540.162,virtual_water
2019-08-01,2019,8,1280943,16.84,15.0,1.776,1.274,0.502,4.368,10.583,3.791,18.742,0.0,37.36,18742390.582,virtual_water
2019-09-01,2019,9,1284545,11.73,12.32,2.882,1.161,1.72,4.194,3.721,4.098,12.013,0.0,6.983,12013308.7,virtual_water
2019-10-01,2019,10,1288146,53.05,13.24,6.03,1.2,4.83,4.27,3.188,3.84,11.298,0.0,2.339,11297782.436,virtual_water
2019-11-01,2019,11,1291748,59.75,13.65,9.469,1.217,8.251,4.311,7.565,3.822,15.698,0.0,1.903,15698458.879,virtual_water
2019-12-01,2019,12,1295350,78.96,17.48,13.852,1.378,12.474,4.59,9.371,3.925,17.886,0.0,1.434,17886434.665,virtual_water
2020-01-01,2020,1,1298952,79.48,18.94,14.553,1.439,13.114,4.706,16.128,4.344,25.178,0.0,1.92,25177573.805,virtual_water
2020-02-01,2020,2,1302678,84.18,21.91,15.675,1.564,14.11,4.928,20.804,3.585,29.317,0.0,2.078,29317479.796,virtual_water
2020-03-01,2020,3,1306404,51.41,23.66,10.499,1.638,8.862,5.066,24.347,4.112,33.526,0.0,3.783,33525534.038,virtual_water
2020-04-01,2020,4,1310129,37.4,25.25,6.358,1.705,4.653,5.193,27.557,3.447,36.196,0.0,7.778,36196265.525,virtual_water
2020-05-01,2020,5,1313855,63.05,24.3,9.495,1.664,7.83,5.14,24.189,3.974,33.303,0.0,4.253,33303196.085,virtual_water
2020-06-01,2020,6,1317581,9.24,22.6,4.524,1.593,2.93,5.034,18.383,4.314,27.731,0.0,9.463,27730667.293,virtual_water
2020-07-01,2020,7,1321306,6.84,18.18,1.386,1.408,0.0,4.733,14.156,4.042,22.931,0.0,22931037.455,22931037.455,virtual_water
2020-08-01,2020,8,1325032,46.73,15.25,6.991,1.285,5.706,4.536,10.381,3.963,18.88,0.0,3.309,18880452.655,virtual_water
2020-09-01,2020,9,1328758,72.36,13.02,11.029,1.191,9.838,4.389,6.242,3.78,14.41,0.0,1.465,14410457.337,virtual_water
2020-10-01,2020,10,1332484,40.94,13.23,9.096,1.2,7.896,4.417,2.44,3.928,10.784,0.0,1.366,10783891.364,virtual_water
2020-11-01,2020,11,1336210,68.08,14.6,9.698,1.257,8.441,4.528,4.898,3.857,13.282,0.0,1.574,13282493.583,virtual_water
2020-12-01,2020,12,1339935,89.41,15.23,14.887,1.284,13.603,4.586,9.022,3.724,17.331,0.0,1.274,17331471.867,virtual_water
2021-01-01,2021,1,1343661,110.74,18.29,18.263,1.412,16.85,4.821,14.737,3.869,23.427,0.0,1.39,23426578.145,virtual_water
2021-02-01,2021,2,1347515,73.47,21.88,14.214,1.563,12.651,5.096,18.945,3.991,28.031,0.0,2.216,28031244.321,virtual_water
2021-03-01,2021,3,1351369,69.56,23.63,12.189,1.636,10.553,5.238,23.81,3.749,32.797,0.0,3.108,32796764.315,virtual_water
2021-04-01,2021,4,1355223,64.33,25.39,11.385,1.71,9.674,5.382,25.142,3.739,34.263,0.0,3.542,34262887.634,virtual_water
2021-05-01,2021,5,1359077,42.72,22.02,8.394,1.569,6.825,5.15,25.49,3.601,34.24,0.0,5.017,34240491.676,virtual_water
2021-06-01,2021,6,1362931,20.18,20.97,6.131,1.525,4.607,5.087,21.567,4.039,30.693,0.0,6.663,30692501.429,virtual_water
2021-07-01,2021,7,1366785,18.39,18.0,3.234,1.4,1.834,4.882,15.001,4.077,23.961,0.0,13.068,23960813.032,virtual_water
2021-08-01,2021,8,1370639,8.19,13.77,1.774,1.222,0.551,4.583,9.286,3.999,17.868,0.0,32.404,17867582.058,virtual_water
2021-09-01,2021,9,1374493,34.64,12.66,2.996,1.176,1.82,4.514,5.956,4.182,14.652,0.0,8.051,14652043.166,virtual_water
2021-10-01,2021,10,1378347,51.8,11.9,7.449,1.144,6.306,4.469,3.356,3.963,11.788,0.0,1.87,11788345.174,virtual_water
2021-11-01,2021,11,1382201,75.29,13.27,11.732,1.201,10.53,4.584,4.412,4.039,13.035,0.0,1.238,13035488.834,virtual_water
2021-12-01,2021,12,1386055,78.65,16.52,13.038,1.338,11.7,4.84,8.628,4.017,17.485,0.0,1.494,17484935.307,virtual_water
2022-01-01,2022,1,1389909,71.74,18.46,14.023,1.419,12.603,5.0,14.47,3.939,23.409,0.0,1.857,23408914.621,virtual_water
2022-02-01,2022,2,1393896,73.1,20.84,12.589,1.519,11.07,5.192,19.276,3.829,28.298,0.0,2.556,28297537.616,virtual_water
2022-03-01,2022,3,1397882,55.77,23.81,11.701,1.644,10.057,5.432,24.849,4.516,34.796,0.0,3.46,34796216.309,virtual_water
2022-04-01,2022,4,1401869,44.42,25.5,8.418,1.715,6.703,5.575,26.988,3.849,36.412,0.0,5.432,36411852.574,virtual_water
2022-05-01,2022,5,1405856,28.6,23.08,5.866,1.613,4.252,5.407,22.75,3.796,31.952,0.0,7.514,31952387.987,virtual_water
2022-06-01,2022,6,1409842,18.52,20.93,3.699,1.523,2.176,5.259,20.702,4.071,30.032,0.0,13.802,30031794.763,virtual_water
2022-07-01,2022,7,1413829,8.51,19.11,2.017,1.446,0.571,5.135,14.968,4.025,24.128,0.0,42.277,24127739.96,virtual_water
2022-08-01,2022,8,1417816,21.37,15.48,4.439,1.294,3.145,4.872,10.202,3.611,18.684,0.0,5.942,18684324.43,virtual_water
2022-09-01,2022,9,1421802,27.25,13.98,2.604,1.231,1.373,4.77,5.794,4.243,14.807,0.0,10.786,14806959.168,virtual_water
2022-10-01,2022,10,1425789,60.09,12.65,7.19,1.175,6.015,4.681,2.608,3.938,11.227,0.0,1.867,11227067.97,virtual_water
2022-11-01,2022,11,1429776,68.54,14.03,11.116,1.233,9.883,4.8,4.295,3.684,12.779,0.0,1.293,12779313.305,virtual_water
2022-12-01,2022,12,1433762,67.46,14.83,11.873,1.267,10.606,4.876,9.827,4.259,18.963,0.0,1.788,18962620.457,virtual_water
2023-01-01,2023,1,1437749,80.84,18.68,13.997,1.429,12.568,5.188,16.523,4.139,25.85,0.0,2.057,25850413.872,virtual_water
2023-02-01,2023,2,1441873,71.96,21.52,13.438,1.548,11.89,5.425,18.091,3.667,27.182,0.0,2.286,27182392.164,virtual_water
2023-03-01,2023,3,1445997,86.79,22.91,14.103,1.606,12.496,5.549,25.16,4.427,35.136,0.0,2.812,35135924.386,virtual_water
2023-04-01,2023,4,1450121,58.15,23.44,12.496,1.628,10.867,5.606,27.636,4.148,37.389,0.0,3.441,37389001.769,virtual_water
2023-05-01,2023,5,1454245,43.26,24.43,9.177,1.67,7.506,5.7,24.561,3.98,34.242,0.0,4.562,34241693.744,virtual_water
2023-06-01,2023,6,1458369,3.75,21.41,2.878,1.543,1.335,5.478,21.408,4.381,31.267,0.0,23.418,31266572.751,virtual_water
2023-07-01,2023,7,1462492,31.13,17.87,4.781,1.395,3.386,5.214,14.444,4.023,23.681,0.0,6.994,23681068.373,virtual_water
2023-08-01,2023,8,1466616,30.14,15.61,5.545,1.3,4.245,5.05,9.685,3.976,18.71,0.0,4.408,18710452.689,virtual_water
2023-09-01,2023,9,1470740,24.17,14.4,4.095,1.249,2.846,4.967,3.886,3.818,12.671,0.0,4.452,12671105.543,virtual_water
2023-10-01,2023,10,1474864,49.34,10.87,7.872,1.1,6.771,4.7,1.555,4.128,10.383,0.0,1.533,10383246.393,virtual_water
2023-11-01,2023,11,1478988,75.66,12.3,11.948,1.16,10.787,4.827,6.962,4.102,15.892,0.0,1.473,15891907.328,virtual_water
2023-12-01,2023,12,1483112,85.94,14.95,14.501,1.272,13.229,5.054,8.646,3.987,17.686,0.0,1.337,17686217.799,virtual_water
2024-01-01,2024,1,1487236,86.49,19.89,16.286,1.479,14.806,5.464,14.797,3.807,24.068,0.0,1.626,24067977.87,virtual_water
2024-02-01,2024,2,1491502,84.07,21.95,12.879,1.566,11.313,5.645,19.16,4.036,28.842,0.0,2.549,28842215.54,virtual_water
2024-03-01,2024,3,1495768,69.48,24.53,11.79,1.674,10.116,5.87,23.144,3.987,33.001,0.0,3.262,33000543.734,virtual_water
2024-04-01,2024,4,1500034,56.83,23.81,9.66,1.644,8.016,5.829,26.095,3.671,35.595,0.0,4.441,35594592.363,virtual_water
2024-05-01,2024,5,1504299,55.16,23.02,9.45,1.611,7.839,5.781,23.96,3.636,33.377,0.0,4.258,33377376.367,virtual_water
2024-06-01,2024,6,1508565,0.0,22.08,2.692,1.571,1.121,5.721,21.278,4.145,31.144,0.0,27.787,31143671.348,virtual_water
2024-07-01,2024,7,1512831,17.16,18.77,0.896,1.432,0.0,5.466,15.887,3.354,24.707,0.0,24707032.132,24707032.132,virtual_water
2024-08-01,2024,8,1517097,26.81,16.16,3.397,1.323,2.074,5.268,10.249,4.055,19.573,0.0,9.438,19572619.123,virtual_water
2024-09-01,2024,9,1521363,41.05,13.37,5.748,1.206,4.542,5.054,6.139,3.884,15.077,0.0,3.32,15077401.385,virtual_water
2024-10-01,2024,10,1525628,50.54,12.94,10.312,1.188,9.124,5.033,6.277,4.331,15.641,0.0,1.714,15641271.378,virtual_water
2024-11-01,2024,11,1529894,51.42,13.65,10.393,1.217,9.176,5.105,4.571,3.881,13.557,0.0,1.477,13557319.114,virtual_water
2024-12-01,2024,12,1534160,89.25,16.34,13.303,1.33,11.972,5.343,9.798,4.169,19.31,0.0,1.613,19309629.029,virtual_water
2025-01-01,2025,1,1538426,110.73,19.4,17.959,1.459,16.5,5.611,16.759,3.926,26.296,0.0,1.594,26296195.424,virtual_water
2025-02-01,2025,2,1542839,66.9,20.45,13.09,1.503,11.587,5.715,22.417,4.053,32.186,0.0,2.778,32186362.265,virtual_water
2025-03-01,2025,3,1547251,82.87,22.15,12.137,1.574,10.563,5.873,23.22,4.209,33.303,0.0,3.153,33302752.477,virtual_water
2025-04-01,2025,4,1551664,51.06,25.55,10.512,1.717,8.794,6.175,26.025,3.909,36.11,0.0,4.106,36109807.147,virtual_water
2025-05-01,2025,5,1556077,36.76,24.9,6.386,1.69,4.696,6.138,26.556,4.274,36.968,0.0,7.872,36967953.707,virtual_water
2025-06-01,2025,6,1560489,12.05,20.93,3.339,1.523,1.816,5.821,21.51,3.777,31.108,0.0,17.133,31107532.423,virtual_water
2025-07-01,2025,7,1564902,15.99,17.26,1.311,1.369,0.0,5.527,15.634,4.099,25.26,0.0,25260438.82,25260438.82,virtual_water
2025-08-01,2025,8,1569315,40.29,15.83,5.165,1.309,3.856,5.422,9.639,4.256,19.316,0.0,5.009,19316070.932,virtual_water
2025-09-01,2025,9,1573727,44.49,14.3,7.684,1.245,6.44,5.307,5.413,4.19,14.91,0.0,2.315,14909964.571,virtual_water
2025-10-01,2025,10,1578140,75.79,14.19,11.913,1.24,10.673,5.312,4.746,4.504,14.562,0.0,1.364,14562238.017,virtual_water
2025-11-01,2025,11,1582553,86.63,13.97,14.925,1.231,13.694,5.308,5.571,3.834,14.713,0.0,1.074,14713227.002,virtual_water
2025-12-01,2025,12,1586965,90.58,15.45,14.588,1.293,13.295,5.45,9.849,3.68,18.979,0.0,1.428,18979456.831,virtual_water
2026-01-01,2026,1,1591378,61.29,18.07,12.947,1.403,11.544,5.69,13.218,3.797,22.705,0.0,1.967,22705215.784,virtual_water
2026-02-01,2026,2,1595942,50.04,21.79,8.708,1.559,7.149,6.027,17.138,4.211,27.376,0.0,3.83,27376335.924,virtual_water
2026-03-01,2026,3,1600507,45.55,23.74,8.713,1.641,7.072,6.213,21.807,4.17,32.19,0.0,4.552,32190455.879,virtual_water
2026-04-01,2026,4,1605072,28.42,23.97,5.864,1.651,4.214,6.251,25.494,4.072,35.816,0.0,8.5,35816272.331,virtual_water
2026-05-01,2026,5,1609636,21.16,25.62,2.983,1.72,1.263,6.412,19.452,3.765,29.629,0.0,23.454,29628646.936,virtual_water
2026-06-01,2026,6,1614200,9.02,23.21,1.962,1.619,0.344,6.22,18.16,4.238,28.618,0.0,83.25,28617708.686,virtual_water
2026-07-01,2026,7,1618765,17.61,19.69,2.923,1.471,1.452,5.93,12.362,3.74,22.032,0.0,15.173,22031883.816,virtual_water
2026-08-01,2026,8,1623330,5.83,15.04,2.129,1.276,0.853,5.539,9.035,4.336,18.91,0.0,22.165,18909637.328,virtual_water
2026-09-01,2026,9,1627894,25.91,14.27,3.367,1.243,2.123,5.487,5.058,4.76,15.305,0.0,7.208,15305423.255,virtual_water
2026-10-01,2026,10,1632458,29.12,13.29,6.153,1.202,4.951,5.416,4.531,4.138,14.084,0.0,2.845,14084395.187,virtual_water
2026-11-01,2026,11,1637023,47.82,13.94,8.193,1.229,6.964,5.488,6.21,4.192,15.89,0.0,2.282,15889967.84,virtual_water
2026-12-01,2026,12,1641588,52.11,16.78,8.689,1.349,7.34,5.756,8.642,3.923,18.32,0.0,2.496,18320231.92,virtual_water
2027-01-01,2027,1,1646152,61.8,19.34,10.906,1.456,9.45,5.999,14.34,3.614,23.953,0.0,2.535,23953357.406,virtual_water
2027-02-01,2027,2,1650874,51.98,22.42,11.159,1.586,9.573,6.291,15.503,3.916,25.71,0.0,2.686,25710465.167,virtual_water
2027-03-01,2027,3,1655595,29.63,24.54,7.927,1.674,6.253,6.498,22.964,3.794,33.256,0.0,5.318,33255553.2,virtual_water
2027-04-01,2027,4,1660317,29.94,25.1,4.241,1.698,2.543,6.567,22.986,3.705,33.258,0.0,13.078,33258464.467,virtual_water
2027-05-01,2027,5,1665039,12.95,22.6,2.417,1.593,0.824,6.361,22.441,4.498,33.299,0.0,40.421,33299463.235,virtual_water
2027-06-01,2027,6,1669760,10.2,21.9,3.118,1.564,1.554,6.316,16.65,4.135,27.101,0.0,17.438,27100896.272,virtual_water
2027-07-01,2027,7,1674482,21.07,18.39,2.27,1.416,0.854,6.016,12.338,4.162,22.516,0.0,26.367,22515801.26,virtual_water
2027-08-01,2027,8,1679204,17.87,14.81,2.237,1.266,0.971,5.709,8.625,3.99,18.323,0.0,18.87,18323304.428,virtual_water
2027-09-01,2027,9,1683925,16.08,14.98,2.519,1.273,1.246,5.74,5.012,4.024,14.776,0.0,11.855,14775677.755,virtual_water
2027-10-01,2027,10,1688647,23.67,14.21,4.08,1.241,2.839,5.687,4.056,4.308,14.051,0.0,4.949,14050605.924,virtual_water
2027-11-01,2027,11,1693369,40.27,14.72,6.094,1.262,4.832,5.749,6.135,4.059,15.943,0.0,3.3,15942987.522,virtual_water
2027-12-01,2027,12,1698090,39.07,16.03,6.38,1.317,5.062,5.885,6.676,4.2,16.761,0.0,3.311,16760665.263,virtual_water
2028-01-01,2028,1,1702812,69.65,19.96,10.044,1.482,8.562,6.263,14.226,4.039,24.528,0.0,2.865,24527808.681,virtual_water
2028-02-01,2028,2,1707696,75.7,21.89,12.36,1.563,10.796,6.459,17.967,4.002,28.428,0.0,2.633,28428283.953,virtual_water
2028-03-01,2028,3,1712580,73.41,24.24,12.263,1.662,10.601,6.694,21.211,3.736,31.641,0.0,2.985,31641143.449,virtual_water
2028-04-01,2028,4,1717464,52.96,24.01,12.167,1.652,10.515,6.692,21.184,3.594,31.47,0.0,2.993,31469549.492,virtual_water
2028-05-01,2028,5,1722349,8.5,24.39,4.06,1.669,2.392,6.747,21.932,4.023,32.701,0.0,13.674,32701080.916,virtual_water
2028-06-01,2028,6,1727233,24.09,21.93,4.107,1.565,2.542,6.536,15.496,4.102,26.135,0.0,10.281,26134603.659,virtual_water
2028-07-01,2028,7,1732117,17.73,17.84,3.046,1.393,1.653,6.172,13.894,3.766,23.833,0.0,14.42,23832585.565,virtual_water
2028-08-01,2028,8,1737001,25.21,15.84,3.87,1.309,2.561,6.002,6.985,4.079,17.066,0.0,6.664,17066106.049,virtual_water
2028-09-01,2028,9,1741885,48.36,13.62,6.677,1.216,5.461,5.81,5.102,4.101,15.013,0.0,2.749,15013120.99,virtual_water
2028-10-01,2028,10,1746770,25.7,14.32,3.566,1.245,2.321,5.892,3.659,3.549,13.1,0.0,5.644,13100402.554,virtual_water
2028-11-01,2028,11,1751654,55.6,14.4,7.058,1.249,5.809,5.916,6.24,3.859,16.016,0.0,2.757,16015585.288,virtual_water
2028-12-01,2028,12,1756538,78.54,15.89,11.092,1.311,9.78,6.074,8.325,4.19,18.589,0.0,1.901,18588519.074,virtual_water
2029-01-01,2029,1,1761422,39.24,19.13,7.13,1.447,5.683,6.399,12.572,4.206,23.177,0.0,4.078,23177330.597,virtual_water
2029-02-01,2029,2,1766474,56.92,21.97,8.076,1.567,6.51,6.688,17.507,3.821,28.015,0.0,4.304,28015345.794,virtual_water
2029-03-01,2029,3,1771526,42.5,23.96,9.254,1.65,7.604,6.898,22.794,4.149,33.841,0.0,4.451,33840873.872,virtual_water
2029-04-01,2029,4,1776579,36.0,24.06,6.606,1.655,4.951,6.928,23.313,4.365,34.606,0.0,6.99,34605719.123,virtual_water
2029-05-01,2029,5,1781631,16.93,24.01,4.997,1.652,3.345,6.942,21.102,4.303,32.347,0.0,9.672,32347186.118,virtual_water
2029-06-01,2029,6,1786683,19.04,21.33,3.55,1.54,2.01,6.704,17.782,4.085,28.571,0.0,14.217,28571016.455,virtual_water
2029-07-01,2029,7,1791736,18.13,17.93,3.847,1.397,2.45,6.393,11.682,3.992,22.067,0.0,9.008,22067165.45,virtual_water
2029-08-01,2029,8,1796788,15.18,16.34,2.091,1.33,0.761,6.257,8.934,3.952,19.142,0.0,25.147,19142268.272,virtual_water
2029-09-01,2029,9,1801840,22.27,14.05,3.945,1.234,2.711,6.052,3.27,4.226,13.548,0.0,4.998,13547758.493,virtual_water
2029-10-01,2029,10,1806892,32.18,11.5,5.694,1.127,4.567,5.82,4.561,4.158,14.539,0.0,3.183,14539068.309,virtual_water
2029-11-01,2029,11,1811944,34.33,13.64,5.434,1.217,4.217,6.045,5.196,4.266,15.508,0.0,3.677,15508066.958,virtual_water
2029-12-01,2029,12,1816997,46.16,16.73,7.904,1.347,6.558,6.365,10.972,4.142,21.479,0.0,3.275,21479422.739,virtual_water
2030-01-01,2030,1,1822049,74.94,19.83,12.057,1.477,10.58,6.688,12.206,4.335,23.229,0.0,2.196,23228706.858,virtual_water
2030-02-01,2030,2,1827275,76.42,22.8,12.857,1.602,11.255,7.001,17.983,4.154,29.138,0.0,2.589,29137653.58,virtual_water
2030-03-01,2030,3,1832501,71.82,24.21,11.912,1.661,10.252,7.16,23.407,4.326,34.893,0.0,3.404,34892922.472,virtual_water
2030-04-01,2030,4,1837728,35.95,24.3,7.228,1.665,5.563,7.19,24.063,4.348,35.601,0.0,6.4,35600872.093,virtual_water
2030-05-01,2030,5,1842954,30.6,23.31,5.705,1.623,4.082,7.111,20.862,3.929,31.903,0.0,7.815,31902690.735,virtual_water
2030-06-01,2030,6,1848180,36.1,22.26,6.29,1.579,4.711,7.026,18.316,3.678,29.021,0.0,6.16,29020831.747,virtual_water
2030-07-01,2030,7,1853406,9.42,19.28,2.414,1.454,0.961,6.749,13.33,4.516,24.595,0.0,25.605,24594726.977,virtual_water
2030-08-01,2030,8,1858632,12.6,17.01,2.059,1.358,0.701,6.54,8.856,4.194,19.589,0.0,27.964,19589415.8,virtual_water
2030-09-01,2030,9,1863858,33.94,14.66,5.275,1.26,4.015,6.322,4.371,3.701,14.394,0.0,3.585,14394082.793,virtual_water
2030-10-01,2030,10,1869084,55.36,12.87,9.058,1.185,7.874,6.159,3.717,3.952,13.827,0.0,1.756,13827458.051,virtual_water
2030-11-01,2030,11,1874311,61.74,12.79,11.711,1.181,10.53,6.168,3.453,4.323,13.944,0.0,1.324,13943956.945,virtual_water
2030-12-01,2030,12,1879537,86.07,15.72,14.807,1.304,13.502,6.483,8.706,4.06,19.249,0.0,1.426,19248680.275,virtual_water
2031-01-01,2031,1,1884763,85.24,19.2,14.159,1.451,12.709,6.855,13.835,4.023,24.712,0.0,1.945,24712495.075,virtual_water
2031-02-01,2031,2,1890169,81.1,21.87,15.757,1.562,14.194,7.147,17.921,4.501,29.568,0.0,2.083,29568372.094,virtual_water
2031-03-01,2031,3,1895575,67.28,23.76,12.074,1.642,10.432,7.361,20.002,3.889,31.252,0.0,2.996,31252418.012,virtual_water
2031-04-01,2031,4,1900981,70.49,25.23,13.003,1.704,11.299,7.533,23.938,3.951,35.422,0.0,3.135,35422085.219,virtual_water
2031-05-01,2031,5,1906387,29.78,23.82,7.404,1.645,5.759,7.409,22.021,4.204,33.634,0.0,5.84,33634329.268,virtual_water
2031-06-01,2031,6,1911793,0.55,21.53,1.301,1.548,0.0,7.193,17.412,4.249,28.854,0.0,28853775.267,28853775.267,virtual_water
2031-07-01,2031,7,1917200,33.36,19.28,2.67,1.454,1.216,6.981,13.089,4.275,24.345,0.0,20.021,24345138.026,virtual_water
2031-08-01,2031,8,1922606,16.32,15.71,3.613,1.304,2.309,6.63,7.068,4.379,18.076,0.0,7.827,18076356.964,virtual_water
2031-09-01,2031,9,1928012,32.98,14.03,3.649,1.233,2.415,6.473,4.056,4.201,14.73,0.0,6.098,14729757.682,virtual_water
2031-10-01,2031,10,1933418,60.11,13.25,9.868,1.2,8.668,6.41,3.273,4.273,13.956,0.0,1.61,13956472.947,virtual_water
2031-11-01,2031,11,1938824,45.28,12.92,9.916,1.187,8.729,6.394,6.355,4.086,16.835,0.0,1.929,16834640.031,virtual_water
2031-12-01,2031,12,1944230,59.75,15.65,9.059,1.301,7.758,6.698,7.946,4.167,18.811,0.0,2.425,18810521.387,virtual_water
2032-01-01,2032,1,1949636,60.17,20.23,10.749,1.494,9.255,7.199,14.076,4.199,25.474,0.0,2.752,25473997.737,virtual_water
2032-02-01,2032,2,1955228,64.41,21.15,10.469,1.532,8.937,7.317,17.668,4.226,29.211,0.0,3.269,29210584.816,virtual_water
2032-03-01,2032,3,1960820,66.11,22.58,10.977,1.592,9.385,7.489,21.98,4.365,33.834,0.0,3.605,33833990.847,virtual_water
2032-04-01,2032,4,1966412,52.1,23.59,10.472,1.635,8.837,7.618,22.867,4.311,34.795,0.0,3.937,34795423.322,virtual_water
2032-05-01,2032,5,1972005,34.69,24.3,6.954,1.665,5.29,7.715,22.617,4.183,34.515,0.0,6.525,34515038.57,virtual_water
2032-06-01,2032,6,1977597,6.58,22.1,4.019,1.572,2.446,7.502,17.672,3.97,29.144,0.0,11.914,29143730.238,virtual_water
2032-07-01,2032,7,1983189,0.0,18.99,0.0,1.441,0.0,7.19,11.819,4.189,23.198,0.0,23197671.465,23197671.465,virtual_water
2032-08-01,2032,8,1988781,21.54,17.05,3.438,1.36,2.078,7.002,7.22,4.165,18.387,0.0,8.848,18386652.512,virtual_water
2032-09-01,2032,9,1994373,27.06,11.75,4.524,1.137,3.387,6.45,4.577,4.22,15.248,0.0,4.502,15247851.241,virtual_water
2032-10-01,2032,10,1999966,51.44,13.4,8.358,1.207,7.152,6.647,2.561,4.724,13.932,0.0,1.948,13931522.108,virtual_water
2032-11-01,2032,11,2005558,68.78,15.13,10.769,1.28,9.489,6.853,5.538,4.041,16.433,0.0,1.732,16432574.764,virtual_water
2032-12-01,2032,12,2011150,73.92,15.18,12.627,1.281,11.346,6.877,8.154,4.278,19.309,0.0,1.702,19309014.348,virtual_water
2033-01-01,2033,1,2016742,84.25,18.83,14.11,1.435,12.675,7.294,15.893,4.46,27.647,0.0,2.181,27646786.145,virtual_water
2033-02-01,2033,2,2022527,74.85,21.53,12.924,1.548,11.376,7.61,16.509,4.218,28.337,0.0,2.491,28336575.788,virtual_water
2033-03-01,2033,3,2028311,67.03,23.61,12.671,1.636,11.035,7.86,22.011,4.777,34.649,0.0,3.14,34648519.519,virtual_water
2033-04-01,2033,4,2034096,39.56,24.87,8.886,1.688,7.197,8.02,21.942,4.098,34.061,0.0,4.733,34061063.945,virtual_water
2033-05-01,2033,5,2039880,30.04,25.47,6.232,1.714,4.518,8.109,21.3,4.274,33.684,0.0,7.455,33683541.92,virtual_water
2033-06-01,2033,6,2045665,22.99,23.6,5.623,1.635,3.988,7.926,18.426,3.993,30.345,0.0,7.609,30345058.44,virtual_water
2033-07-01,2033,7,2051450,25.37,18.86,5.474,1.436,4.038,7.423,11.099,4.105,22.627,0.0,5.603,22627223.132,virtual_water
2033-08-01,2033,8,2057234,16.97,17.65,3.111,1.385,1.725,7.31,8.901,4.255,20.467,0.0,11.863,20466602.115,virtual_water
2033-09-01,2033,9,2063019,37.19,13.96,5.745,1.23,4.515,6.919,7.079,4.405,18.403,0.0,4.076,18402734.777,virtual_water
2033-10-01,2033,10,2068803,44.04,14.53,6.848,1.254,5.594,7.002,3.386,4.273,14.662,0.0,2.621,14661507.227,virtual_water
2033-11-01,2033,11,2074588,60.43,13.86,9.733,1.226,8.507,6.947,5.403,4.508,16.857,0.0,1.982,16857228.369,virtual_water
2033-12-01,2033,12,2080372,80.98,16.23,12.612,1.326,11.286,7.233,9.705,4.169,21.107,0.0,1.87,21107269.345,virtual_water
2034-01-01,2034,1,2086157,56.17,19.47,12.428,1.462,10.966,7.618,13.351,4.131,25.1,0.0,2.289,25099743.143,virtual_water
2034-02-01,2034,2,2092141,59.29,24.72,10.503,1.682,8.821,8.233,17.754,4.89,30.876,0.0,3.5,30876485.803,virtual_water
2034-03-01,2034,3,2098124,46.51,25.06,8.635,1.696,6.939,8.294,19.559,4.313,32.166,0.0,4.636,32166117.696,virtual_water
2034-04-01,2034,4,2104108,22.95,24.61,6.208,1.678,4.53,8.267,23.828,4.034,36.13,0.0,7.976,36129728.921,virtual_water
2034-05-01,2034,5,2110092,24.96,25.15,2.525,1.7,0.825,8.352,21.765,4.04,34.158,0.0,41.4,34157850.442,virtual_water
2034-06-01,2034,6,2116076,28.63,21.89,3.206,1.563,1.643,8.003,17.313,3.978,29.295,0.0,17.833,29294976.762,virtual_water
2034-07-01,2034,7,2122060,14.09,18.79,3.866,1.433,2.433,7.67,13.648,4.448,25.766,0.0,10.589,25765986.091,virtual_water
2034-08-01,2034,8,2128043,23.0,16.91,3.606,1.354,2.252,7.476,8.095,4.123,19.694,0.0,8.745,19693704.958,virtual_water
2034-09-01,2034,9,2134027,42.99,14.01,6.674,1.232,5.441,7.163,4.617,4.246,16.026,0.0,2.945,16025701.477,virtual_water
2034-10-01,2034,10,2140011,60.29,13.4,8.581,1.207,7.374,7.113,4.481,4.198,15.792,0.0,2.141,15791807.904,virtual_water
2034-11-01,2034,11,2145994,60.92,14.0,10.609,1.232,9.378,7.201,3.791,4.397,15.389,0.0,1.641,15389161.781,virtual_water
2034-12-01,2034,12,2151978,86.32,16.45,15.375,1.335,14.041,7.507,9.759,4.002,21.268,0.0,1.515,21267633.825,virtual_water
2035-01-01,2035,1,2157962,77.44,19.57,14.678,1.466,13.212,7.891,12.14,3.966,23.998,0.0,1.816,23997653.904,virtual_water
2035-02-01,2035,2,2157962,63.97,20.68,12.038,1.513,10.525,8.021,17.735,4.291,30.047,0.0,2.855,30046706.868,virtual_water
2035-03-01,2035,3,2157962,55.56,24.96,9.814,1.692,8.121,8.519,23.919,4.385,36.824,0.0,4.534,36823648.875,virtual_water
2035-04-01,2035,4,2157962,31.65,24.44,6.478,1.671,4.808,8.459,24.406,4.318,37.183,0.0,7.734,37183236.744,virtual_water
2035-05-01,2035,5,2157962,22.82,23.27,2.753,1.621,1.132,8.323,22.057,4.033,34.413,0.0,30.407,34412599.198,virtual_water
2035-06-01,2035,6,2157962,17.33,22.18,3.527,1.576,1.952,8.196,17.452,4.404,30.052,0.0,15.398,30051744.766,virtual_water
2035-07-01,2035,7,2157962,25.2,19.3,4.673,1.454,3.219,7.859,13.026,4.049,24.935,0.0,7.747,24934575.916,virtual_water
2035-08-01,2035,8,2157962,38.54,15.68,4.783,1.302,3.481,7.437,8.796,4.105,20.338,0.0,5.843,20337684.785,virtual_water
2035-09-01,2035,9,2157962,17.78,14.7,3.672,1.261,2.41,7.324,5.212,3.999,16.535,0.0,6.86,16535033.72,virtual_water
2035-10-01,2035,10,2157962,50.76,12.16,6.225,1.155,5.07,7.027,3.783,4.56,15.371,0.0,3.031,15370868.528,virtual_water
2035-11-01,2035,11,2157962,51.01,13.71,8.141,1.22,6.922,7.208,5.143,4.393,16.744,0.0,2.419,16744245.638,virtual_water
2035-12-01,2035,12,2157962,77.36,15.76,12.197,1.306,10.891,7.447,8.502,4.386,20.336,0.0,1.867,20336041.465,virtual_water
